ProductID,ProductName,Category,Month,Year,UnitsSold,UnitPrice,StockAvailable,ReorderPoint,RestockLeadTime
1001,Notebook,Stationery,3,2023,67,147.86,152,56,4
1002,Chair,Groceries,4,2023,301,148.09,135,68,7
1003,Chair,Clothing,6,2023,280,151.8,107,35,18
1004,Laptop,Groceries,10,2023,33,57.45,96,66,16
1005,Shirt,Groceries,5,2023,495,165.95,102,46,15
1006,Cereal,Furniture,2,2023,166,100.37,237,83,2
1007,Cereal,Furniture,9,2023,491,48.21,292,39,12
1008,Laptop,Electronics,11,2023,47,180.01,18,78,12
1009,Chair,Electronics,9,2023,84,56.11,187,87,6
1010,Chair,Groceries,2,2023,231,59.39,142,32,3
1011,Shirt,Groceries,10,2023,154,153.37,131,76,2
1012,Cereal,Stationery,2,2023,168,158.27,36,96,7
1013,Shirt,Electronics,8,2023,480,77.86,81,72,14
1014,Laptop,Clothing,6,2023,270,96.33,208,65,17
1015,Chair,Stationery,11,2023,57,109.82,259,84,8
1016,Shirt,Furniture,9,2023,246,196.17,41,31,2
1017,Cereal,Groceries,3,2023,86,62.66,217,40,18
1018,Laptop,Groceries,6,2023,440,24.89,78,44,13
1019,Shirt,Furniture,6,2023,79,185.96,209,40,7
1020,Shirt,Electronics,2,2023,427,134.87,85,100,9
1021,Chair,Furniture,11,2023,432,141.47,185,44,18
1022,Cereal,Stationery,10,2023,313,133.41,185,91,13
1023,Chair,Electronics,8,2023,25,80.96,212,37,6
1024,Chair,Stationery,5,2023,191,191.71,192,79,18
1025,Shirt,Electronics,3,2023,332,190.37,146,32,12
1026,Notebook,Furniture,11,2023,200,51.32,261,83,15
1027,Chair,Clothing,8,2023,419,177.91,11,46,13
1028,Cereal,Furniture,2,2023,260,188.76,147,77,4
1029,Shirt,Electronics,11,2023,36,190.95,87,57,6
1030,Laptop,Clothing,3,2023,349,193.6,206,97,20
1031,Chair,Clothing,8,2023,446,151.62,69,87,7
1032,Cereal,Groceries,4,2023,357,17.69,216,35,12
1033,Shirt,Electronics,4,2023,499,80.62,8,39,17
1034,Chair,Furniture,4,2023,40,141.4,281,100,10
1035,Chair,Clothing,1,2023,283,166.69,76,31,11
1036,Shirt,Clothing,2,2023,365,74.27,255,68,13
1037,Chair,Electronics,2,2023,345,104.62,26,85,17
1038,Laptop,Stationery,7,2023,352,79.3,163,60,15
1039,Notebook,Clothing,11,2023,474,159.68,158,75,13
1040,Notebook,Clothing,7,2023,60,183.04,281,45,5
1041,Chair,Groceries,5,2023,434,140.4,14,54,7
1042,Shirt,Clothing,2,2023,500,26.52,247,96,18
1043,Chair,Stationery,6,2023,292,132.71,51,50,9
1044,Cereal,Electronics,3,2023,493,55.35,258,47,17
1045,Cereal,Groceries,1,2023,356,100.39,216,93,2
1046,Notebook,Stationery,8,2023,158,195.49,83,35,16
1047,Cereal,Furniture,10,2023,427,138.45,51,80,6
1048,Chair,Groceries,9,2023,86,108.8,25,45,7
1049,Cereal,Stationery,7,2023,259,113.37,236,95,6
1050,Laptop,Stationery,12,2023,122,182.25,7,94,11
1051,Cereal,Electronics,12,2023,396,44.81,102,46,18
1052,Notebook,Groceries,4,2023,497,96.17,259,70,13
1053,Laptop,Groceries,3,2023,359,155.4,287,69,19
1054,Laptop,Stationery,11,2023,409,133.67,64,46,8
1055,Notebook,Electronics,10,2023,433,12.95,10,31,11
1056,Chair,Stationery,2,2023,154,140.6,187,40,6
1057,Shirt,Furniture,3,2023,141,50.44,260,70,20
1058,Shirt,Stationery,4,2023,211,44.21,127,64,14
1059,Notebook,Groceries,2,2023,264,103.26,265,88,7
1060,Laptop,Stationery,8,2023,363,102.29,253,56,7
1061,Laptop,Furniture,1,2023,398,52.46,276,58,11
1062,Cereal,Electronics,9,2023,165,31.22,64,66,17
1063,Notebook,Clothing,6,2023,427,23.68,114,95,9
1064,Notebook,Clothing,7,2023,344,20.51,81,94,7
1065,Laptop,Electronics,6,2023,203,94.36,57,75,14
1066,Laptop,Furniture,4,2023,26,197.73,262,94,15
1067,Laptop,Clothing,12,2023,328,141.43,117,82,5
1068,Notebook,Groceries,1,2023,276,172.0,104,90,14
1069,Chair,Stationery,2,2023,144,117.15,146,77,2
1070,Cereal,Electronics,3,2023,292,94.61,63,34,13
1071,Laptop,Clothing,8,2023,234,57.35,180,100,10
1072,Shirt,Furniture,3,2023,186,170.85,5,66,5
1073,Notebook,Stationery,8,2023,409,116.18,204,74,14
1074,Chair,Clothing,9,2023,38,43.41,134,34,13
1075,Shirt,Furniture,12,2023,369,154.23,97,58,4
1076,Chair,Stationery,7,2023,477,152.58,235,86,7
1077,Chair,Groceries,11,2023,74,91.67,99,82,2
1078,Shirt,Furniture,10,2023,413,97.1,206,53,2
1079,Shirt,Groceries,11,2023,209,140.53,157,56,3
1080,Chair,Stationery,7,2023,148,43.2,269,90,15
1081,Shirt,Stationery,8,2023,424,88.43,280,68,3
1082,Notebook,Groceries,1,2023,482,29.98,169,58,20
1083,Shirt,Furniture,6,2023,277,69.93,58,100,3
1084,Laptop,Furniture,3,2023,312,21.47,4,63,6
1085,Notebook,Clothing,6,2023,339,30.17,169,53,16
1086,Chair,Furniture,3,2023,181,55.11,274,69,16
1087,Laptop,Groceries,3,2023,374,16.14,31,51,4
1088,Shirt,Stationery,6,2023,172,48.96,118,89,15
1089,Shirt,Groceries,10,2023,257,122.73,193,47,12
1090,Shirt,Clothing,12,2023,252,190.75,286,62,15
1091,Chair,Stationery,6,2023,235,111.54,39,67,6
1092,Cereal,Clothing,10,2023,227,122.58,31,66,3
1093,Chair,Stationery,9,2023,457,118.4,30,69,17
1094,Laptop,Groceries,4,2023,337,132.77,48,71,20
1095,Notebook,Groceries,10,2023,430,175.32,134,74,13
1096,Shirt,Furniture,6,2023,44,99.36,59,90,12
1097,Laptop,Electronics,12,2023,450,15.92,28,47,15
1098,Laptop,Furniture,8,2023,199,16.19,136,96,16
1099,Laptop,Furniture,12,2023,498,53.77,293,69,11
1100,Cereal,Clothing,2,2023,491,133.51,96,91,19
1101,Chair,Electronics,11,2023,10,87.52,63,36,16
1102,Cereal,Stationery,8,2023,448,116.0,252,74,2
1103,Notebook,Furniture,4,2023,346,25.81,31,65,12
1104,Chair,Stationery,5,2023,234,176.8,86,92,17
1105,Laptop,Clothing,11,2023,471,47.89,276,32,20
1106,Laptop,Stationery,11,2023,171,182.82,23,64,13
1107,Chair,Electronics,7,2023,181,70.7,149,46,7
1108,Notebook,Stationery,3,2023,373,158.83,216,30,20
1109,Laptop,Stationery,12,2023,310,165.83,138,54,3
1110,Chair,Clothing,1,2023,345,191.73,71,42,15
1111,Laptop,Furniture,11,2023,105,192.51,60,78,6
1112,Cereal,Furniture,10,2023,125,114.63,131,66,5
1113,Cereal,Stationery,2,2023,131,147.16,251,82,17
1114,Notebook,Stationery,11,2023,76,64.26,53,79,11
1115,Chair,Furniture,9,2023,100,94.73,60,82,6
1116,Laptop,Groceries,11,2023,47,114.26,69,35,5
1117,Laptop,Clothing,9,2023,145,45.58,178,90,7
1118,Shirt,Clothing,4,2023,184,96.11,229,37,7
1119,Shirt,Electronics,2,2023,375,82.75,217,80,20
1120,Shirt,Furniture,8,2023,468,68.08,204,94,14
1121,Chair,Furniture,7,2023,499,42.91,35,100,17
1122,Notebook,Clothing,3,2023,29,98.43,240,36,11
1123,Cereal,Clothing,6,2023,81,53.76,289,49,2
1124,Laptop,Clothing,6,2023,352,53.39,256,98,5
1125,Laptop,Furniture,4,2023,214,184.81,138,46,3
1126,Laptop,Electronics,4,2023,67,93.42,152,46,16
1127,Cereal,Groceries,1,2023,258,116.89,242,85,3
1128,Shirt,Groceries,10,2023,354,156.05,6,94,2
1129,Notebook,Furniture,7,2023,173,128.01,86,55,15
1130,Cereal,Groceries,10,2023,173,95.55,175,78,16
1131,Laptop,Clothing,5,2023,88,124.17,176,65,17
1132,Shirt,Groceries,9,2023,153,136.95,223,51,19
1133,Cereal,Furniture,5,2023,443,104.55,27,86,20
1134,Chair,Furniture,11,2023,262,67.44,300,43,18
1135,Cereal,Clothing,11,2023,205,115.8,18,37,15
1136,Cereal,Clothing,2,2023,287,71.58,142,84,2
1137,Shirt,Electronics,7,2023,215,78.66,56,86,8
1138,Laptop,Clothing,3,2023,149,52.38,246,61,4
1139,Cereal,Furniture,10,2023,110,85.61,284,86,12
1140,Cereal,Groceries,3,2023,430,66.08,105,82,13
1141,Cereal,Groceries,3,2023,112,199.58,289,78,14
1142,Laptop,Electronics,12,2023,369,189.29,194,52,17
1143,Chair,Groceries,12,2023,144,171.63,160,61,12
1144,Shirt,Groceries,7,2023,233,129.41,131,68,4
1145,Laptop,Groceries,6,2023,309,99.23,13,43,11
1146,Laptop,Stationery,2,2023,396,177.71,115,90,18
1147,Notebook,Groceries,10,2023,420,131.67,135,53,7
1148,Chair,Clothing,3,2023,46,93.23,1,59,18
1149,Laptop,Groceries,12,2023,401,13.96,259,51,17
1150,Cereal,Furniture,11,2023,128,166.58,164,53,7
1151,Laptop,Groceries,9,2023,89,151.62,289,94,2
1152,Notebook,Stationery,1,2023,301,135.39,182,61,2
1153,Laptop,Electronics,5,2023,140,78.91,17,100,9
1154,Shirt,Electronics,5,2023,143,79.6,81,98,6
1155,Laptop,Groceries,12,2023,478,67.39,17,63,6
1156,Shirt,Clothing,12,2023,266,166.09,244,47,13
1157,Chair,Groceries,6,2023,468,135.28,12,88,11
1158,Chair,Electronics,9,2023,367,74.22,118,50,10
1159,Chair,Groceries,9,2023,146,176.94,138,31,10
1160,Shirt,Groceries,7,2023,403,56.8,147,94,16
1161,Cereal,Groceries,4,2023,11,52.03,208,91,8
1162,Shirt,Stationery,7,2023,101,26.41,240,46,2
1163,Cereal,Furniture,11,2023,300,74.33,92,98,17
1164,Cereal,Furniture,6,2023,366,21.25,190,50,20
1165,Cereal,Stationery,2,2023,175,37.88,297,89,19
1166,Chair,Electronics,5,2023,365,165.13,66,94,6
1167,Shirt,Electronics,5,2023,312,37.58,241,60,17
1168,Laptop,Electronics,1,2023,55,179.25,154,91,8
1169,Shirt,Stationery,5,2023,435,70.24,247,73,2
1170,Laptop,Stationery,1,2023,488,65.96,96,54,16
1171,Laptop,Stationery,11,2023,264,142.98,239,96,18
1172,Notebook,Furniture,11,2023,323,140.4,246,35,20
1173,Shirt,Groceries,12,2023,118,131.11,236,84,15
1174,Chair,Stationery,8,2023,119,118.65,110,45,14
1175,Shirt,Electronics,12,2023,266,165.93,227,66,11
1176,Cereal,Groceries,9,2023,77,179.65,60,88,12
1177,Shirt,Furniture,6,2023,125,25.89,214,65,12
1178,Laptop,Groceries,6,2023,324,105.25,48,59,4
1179,Cereal,Electronics,3,2023,387,75.15,115,31,12
1180,Laptop,Furniture,6,2023,399,194.49,47,84,18
1181,Chair,Furniture,6,2023,15,124.07,109,71,15
1182,Laptop,Stationery,6,2023,168,154.13,277,40,13
1183,Shirt,Stationery,12,2023,122,160.54,34,37,9
1184,Notebook,Electronics,5,2023,159,156.43,273,99,4
1185,Shirt,Groceries,1,2023,340,63.61,128,67,8
1186,Cereal,Electronics,5,2023,171,73.77,36,62,9
1187,Notebook,Furniture,9,2023,166,22.14,233,64,6
1188,Shirt,Clothing,6,2023,462,193.29,226,94,3
1189,Chair,Clothing,10,2023,193,73.11,88,82,4
1190,Laptop,Groceries,8,2023,21,77.83,79,89,20
1191,Laptop,Clothing,11,2023,275,60.52,257,79,5
1192,Notebook,Electronics,2,2023,102,76.59,111,65,7
1193,Laptop,Electronics,10,2023,225,185.55,152,80,17
1194,Shirt,Stationery,2,2023,62,158.0,198,82,7
1195,Chair,Groceries,1,2023,389,114.69,112,38,19
1196,Chair,Electronics,4,2023,478,130.37,89,32,20
1197,Shirt,Furniture,11,2023,135,176.18,268,57,4
1198,Cereal,Electronics,9,2023,243,75.94,1,61,14
1199,Chair,Furniture,7,2023,154,56.73,243,89,14
1200,Cereal,Electronics,6,2023,266,45.93,251,31,3
1201,Cereal,Groceries,4,2023,16,33.82,273,80,15
1202,Notebook,Groceries,11,2023,267,58.17,1,100,9
1203,Cereal,Groceries,6,2023,64,189.77,133,41,8
1204,Chair,Clothing,12,2023,210,115.66,160,37,15
1205,Chair,Electronics,8,2023,406,156.84,220,94,14
1206,Laptop,Furniture,2,2023,422,99.86,12,38,19
1207,Laptop,Electronics,6,2023,100,173.61,277,93,3
1208,Chair,Electronics,12,2023,385,10.66,94,65,3
1209,Cereal,Stationery,12,2023,356,86.01,49,35,10
1210,Laptop,Groceries,3,2023,116,153.78,185,78,14
1211,Chair,Clothing,4,2023,184,77.77,110,87,17
1212,Laptop,Groceries,1,2023,257,56.67,233,69,20
1213,Chair,Electronics,9,2023,392,40.25,66,30,3
1214,Cereal,Clothing,6,2023,133,188.71,254,74,19
1215,Cereal,Stationery,7,2023,277,183.33,231,86,12
1216,Notebook,Furniture,6,2023,330,165.02,77,50,15
1217,Laptop,Electronics,5,2023,180,122.05,223,51,2
1218,Notebook,Furniture,9,2023,459,93.96,152,81,9
1219,Cereal,Groceries,6,2023,447,57.32,3,43,19
1220,Notebook,Furniture,4,2023,262,137.87,126,52,15
1221,Shirt,Clothing,6,2023,153,198.03,58,32,3
1222,Cereal,Groceries,12,2023,19,47.33,53,66,2
1223,Notebook,Furniture,7,2023,148,54.47,142,85,10
1224,Chair,Stationery,11,2023,366,48.3,268,43,10
1225,Shirt,Clothing,1,2023,331,167.76,67,34,7
1226,Cereal,Clothing,4,2023,108,117.21,36,88,13
1227,Laptop,Electronics,6,2023,406,156.14,189,92,7
1228,Laptop,Electronics,10,2023,198,185.42,275,38,4
1229,Laptop,Furniture,9,2023,71,161.07,12,36,17
1230,Cereal,Electronics,2,2023,316,59.17,232,53,11
1231,Chair,Clothing,2,2023,212,181.8,129,73,20
1232,Shirt,Clothing,4,2023,457,164.77,8,31,3
1233,Shirt,Groceries,1,2023,182,83.17,35,100,3
1234,Notebook,Electronics,1,2023,217,114.03,188,53,11
1235,Laptop,Clothing,6,2023,356,14.29,46,62,3
1236,Notebook,Clothing,7,2023,329,119.93,166,74,18
1237,Notebook,Groceries,12,2023,276,176.06,160,93,17
1238,Cereal,Furniture,7,2023,353,102.26,299,47,10
1239,Chair,Electronics,2,2023,51,136.49,189,71,5
1240,Laptop,Furniture,11,2023,246,128.13,171,38,8
1241,Notebook,Stationery,8,2023,467,76.66,223,84,9
1242,Cereal,Electronics,4,2023,320,143.37,68,62,6
1243,Notebook,Furniture,5,2023,172,60.6,171,60,7
1244,Laptop,Electronics,7,2023,146,89.42,48,49,5
1245,Cereal,Stationery,11,2023,152,80.42,66,46,15
1246,Notebook,Clothing,9,2023,163,180.6,172,31,18
1247,Laptop,Groceries,6,2023,151,32.19,113,37,14
1248,Notebook,Stationery,4,2023,354,140.78,7,94,16
1249,Notebook,Electronics,3,2023,153,19.94,91,57,11
1250,Notebook,Stationery,9,2023,39,74.12,45,63,4
1251,Laptop,Groceries,6,2023,312,143.5,162,36,5
1252,Shirt,Stationery,7,2023,402,136.67,49,41,7
1253,Laptop,Electronics,11,2023,336,171.81,91,84,7
1254,Laptop,Clothing,7,2023,360,180.2,18,66,7
1255,Chair,Electronics,11,2023,114,132.82,64,65,3
1256,Chair,Clothing,11,2023,490,172.17,36,54,20
1257,Notebook,Groceries,3,2023,412,66.98,256,71,5
1258,Shirt,Clothing,9,2023,439,79.16,125,38,15
1259,Laptop,Electronics,5,2023,201,160.58,81,93,4
1260,Shirt,Electronics,11,2023,476,187.05,150,90,9
1261,Shirt,Electronics,12,2023,269,134.91,163,99,20
1262,Laptop,Furniture,5,2023,163,23.86,121,87,15
1263,Shirt,Stationery,6,2023,298,104.5,203,92,11
1264,Notebook,Electronics,6,2023,300,34.54,238,39,3
1265,Notebook,Electronics,2,2023,375,106.2,243,32,4
1266,Shirt,Clothing,12,2023,327,13.51,259,90,15
1267,Laptop,Clothing,5,2023,259,174.88,31,88,5
1268,Notebook,Furniture,8,2023,135,198.82,137,83,13
1269,Cereal,Furniture,7,2023,283,152.6,229,66,2
1270,Shirt,Groceries,12,2023,315,117.77,209,47,6
1271,Shirt,Clothing,11,2023,57,143.9,146,42,3
1272,Shirt,Stationery,1,2023,253,178.81,92,71,3
1273,Laptop,Electronics,6,2023,239,54.39,27,62,5
1274,Notebook,Groceries,9,2023,173,58.97,39,36,14
1275,Shirt,Groceries,8,2023,160,10.67,119,77,12
1276,Shirt,Electronics,9,2023,424,101.89,279,73,8
1277,Notebook,Electronics,6,2023,309,73.07,11,81,2
1278,Notebook,Groceries,4,2023,178,99.61,166,50,17
1279,Notebook,Stationery,12,2023,275,149.16,111,85,11
1280,Laptop,Clothing,8,2023,220,21.56,289,70,10
1281,Notebook,Furniture,8,2023,351,106.81,184,65,6
1282,Notebook,Electronics,2,2023,306,78.75,68,91,3
1283,Notebook,Furniture,6,2023,39,179.55,289,97,8
1284,Shirt,Furniture,3,2023,478,12.31,94,45,13
1285,Shirt,Stationery,1,2023,15,163.19,179,45,15
1286,Shirt,Stationery,9,2023,457,123.76,37,66,20
1287,Chair,Stationery,2,2023,360,47.47,43,85,20
1288,Shirt,Stationery,9,2023,111,82.52,131,81,14
1289,Shirt,Clothing,4,2023,313,176.85,123,35,10
1290,Chair,Stationery,11,2023,376,153.96,201,82,8
1291,Cereal,Groceries,3,2023,36,171.28,56,64,5
1292,Laptop,Furniture,5,2023,477,115.61,117,62,5
1293,Cereal,Groceries,10,2023,158,89.51,278,93,17
1294,Shirt,Stationery,6,2023,381,139.36,236,49,11
1295,Notebook,Furniture,12,2023,196,171.93,256,48,6
1296,Chair,Furniture,2,2023,291,120.92,38,71,17
1297,Chair,Clothing,12,2023,442,199.64,170,88,11
1298,Cereal,Electronics,1,2023,196,34.69,143,32,6
1299,Shirt,Stationery,6,2023,332,161.86,9,32,12
1300,Cereal,Electronics,6,2023,352,13.69,248,82,10
1301,Cereal,Stationery,3,2023,341,54.07,61,52,18
1302,Notebook,Electronics,9,2023,342,69.64,106,75,9
1303,Shirt,Clothing,10,2023,78,181.62,231,69,17
1304,Cereal,Furniture,1,2023,436,198.96,267,89,14
1305,Cereal,Stationery,4,2023,406,43.83,64,32,3
1306,Chair,Stationery,8,2023,309,198.92,49,77,6
1307,Cereal,Groceries,2,2023,198,152.94,64,64,13
1308,Shirt,Electronics,8,2023,278,77.24,26,75,5
1309,Laptop,Stationery,6,2023,399,154.81,291,42,16
1310,Shirt,Clothing,9,2023,49,15.61,121,87,5
1311,Cereal,Electronics,12,2023,206,148.6,141,33,9
1312,Shirt,Groceries,8,2023,193,63.86,43,77,3
1313,Chair,Stationery,4,2023,115,173.92,224,75,15
1314,Shirt,Stationery,5,2023,396,106.54,237,71,15
1315,Chair,Groceries,1,2023,213,176.47,22,95,12
1316,Laptop,Electronics,12,2023,116,59.12,179,54,17
1317,Laptop,Groceries,4,2023,155,184.97,252,54,16
1318,Chair,Clothing,4,2023,11,106.25,260,51,10
1319,Cereal,Furniture,6,2023,405,17.86,24,38,15
1320,Cereal,Clothing,4,2023,200,58.94,109,34,8
1321,Laptop,Groceries,8,2023,439,132.08,101,56,15
1322,Chair,Groceries,5,2023,412,57.0,133,92,4
1323,Shirt,Stationery,12,2023,26,20.61,11,86,4
1324,Shirt,Furniture,4,2023,139,167.62,66,97,9
1325,Laptop,Clothing,8,2023,376,135.02,271,86,5
1326,Notebook,Electronics,4,2023,446,13.35,138,93,6
1327,Shirt,Groceries,2,2023,172,153.68,46,72,17
1328,Chair,Clothing,6,2023,225,78.61,162,74,6
1329,Cereal,Furniture,5,2023,166,155.98,237,41,19
1330,Cereal,Stationery,2,2023,292,158.25,167,66,10
1331,Notebook,Furniture,9,2023,464,141.61,48,57,13
1332,Shirt,Furniture,3,2023,285,21.03,139,82,6
1333,Shirt,Furniture,1,2023,496,184.2,22,43,20
1334,Shirt,Electronics,4,2023,383,178.09,52,97,3
1335,Laptop,Electronics,9,2023,184,107.68,144,76,16
1336,Chair,Stationery,8,2023,98,25.94,219,84,15
1337,Shirt,Clothing,11,2023,213,89.51,208,77,10
1338,Shirt,Furniture,8,2023,256,61.86,69,68,9
1339,Shirt,Electronics,9,2023,32,14.57,260,78,4
1340,Notebook,Furniture,5,2023,248,79.83,90,63,2
1341,Cereal,Stationery,7,2023,236,166.82,77,55,12
1342,Chair,Furniture,11,2023,464,81.71,274,66,10
1343,Cereal,Electronics,8,2023,347,22.88,93,44,17
1344,Laptop,Groceries,11,2023,332,10.62,117,97,9
1345,Cereal,Stationery,4,2023,496,80.23,260,53,7
1346,Chair,Stationery,5,2023,13,18.33,119,72,4
1347,Chair,Stationery,5,2023,133,162.09,268,71,18
1348,Shirt,Clothing,1,2023,384,189.03,186,57,3
1349,Cereal,Furniture,1,2023,444,174.85,173,56,13
1350,Shirt,Clothing,4,2023,386,152.43,265,58,5
1351,Cereal,Furniture,4,2023,72,98.98,282,71,5
1352,Laptop,Stationery,10,2023,497,130.89,30,38,15
1353,Laptop,Electronics,1,2023,356,49.96,66,94,19
1354,Laptop,Electronics,10,2023,244,182.14,79,54,13
1355,Cereal,Furniture,4,2023,32,72.71,200,70,2
1356,Shirt,Electronics,1,2023,61,157.48,71,46,8
1357,Shirt,Groceries,2,2023,369,128.38,265,90,13
1358,Chair,Furniture,9,2023,118,161.54,171,30,17
1359,Laptop,Clothing,12,2023,344,71.16,222,51,13
1360,Shirt,Furniture,12,2023,26,98.24,27,47,2
1361,Shirt,Stationery,5,2023,288,158.02,78,54,10
1362,Cereal,Furniture,11,2023,274,104.01,0,53,2
1363,Laptop,Clothing,3,2023,93,162.19,121,86,14
1364,Shirt,Stationery,7,2023,401,192.67,243,39,19
1365,Chair,Clothing,12,2023,98,117.48,182,75,6
1366,Chair,Clothing,11,2023,455,37.25,190,88,8
1367,Notebook,Furniture,1,2023,112,143.46,205,53,10
1368,Notebook,Furniture,3,2023,300,44.21,83,47,16
1369,Notebook,Electronics,11,2023,134,161.54,265,47,5
1370,Notebook,Groceries,12,2023,103,107.38,213,30,3
1371,Shirt,Electronics,2,2023,253,138.67,261,50,6
1372,Chair,Clothing,1,2023,259,84.04,3,52,7
1373,Notebook,Groceries,8,2023,94,156.81,33,76,13
1374,Cereal,Groceries,8,2023,198,95.88,213,30,8
1375,Chair,Electronics,2,2023,299,16.04,137,96,10
1376,Cereal,Electronics,11,2023,382,33.55,32,86,9
1377,Chair,Electronics,2,2023,219,145.67,233,53,19
1378,Shirt,Clothing,4,2023,315,64.31,6,62,14
1379,Chair,Furniture,6,2023,299,10.27,199,48,12
1380,Laptop,Furniture,5,2023,129,138.64,228,77,11
1381,Shirt,Groceries,9,2023,307,162.15,144,96,19
1382,Notebook,Electronics,1,2023,324,21.07,202,59,9
1383,Chair,Furniture,8,2023,60,26.68,104,67,16
1384,Shirt,Furniture,7,2023,74,36.34,299,78,10
1385,Laptop,Clothing,4,2023,316,131.61,96,70,19
1386,Cereal,Clothing,4,2023,426,141.52,151,76,7
1387,Chair,Stationery,10,2023,26,136.69,299,53,11
1388,Notebook,Stationery,10,2023,106,193.03,94,55,9
1389,Chair,Clothing,1,2023,315,185.51,208,33,15
1390,Shirt,Groceries,1,2023,341,135.55,59,34,19
1391,Cereal,Stationery,8,2023,146,136.36,7,99,3
1392,Shirt,Electronics,10,2023,285,80.61,203,52,11
1393,Cereal,Stationery,6,2023,149,158.28,190,75,4
1394,Chair,Groceries,12,2023,187,175.2,20,64,14
1395,Shirt,Electronics,10,2023,207,144.05,290,77,17
1396,Shirt,Groceries,9,2023,430,144.64,75,53,5
1397,Cereal,Electronics,12,2023,99,59.19,105,31,3
1398,Notebook,Clothing,8,2023,184,99.76,185,98,6
1399,Cereal,Electronics,4,2023,150,46.86,128,35,4
1400,Chair,Electronics,8,2023,182,168.74,3,93,20
1401,Laptop,Clothing,5,2023,293,52.6,169,37,18
1402,Cereal,Groceries,8,2023,331,143.83,193,57,7
1403,Chair,Furniture,10,2023,479,37.36,45,64,3
1404,Notebook,Groceries,8,2023,304,145.87,45,57,11
1405,Chair,Electronics,2,2023,307,87.66,273,63,8
1406,Chair,Groceries,3,2023,439,41.97,82,56,20
1407,Notebook,Furniture,11,2023,106,113.83,57,72,11
1408,Shirt,Clothing,9,2023,465,174.98,225,51,3
1409,Chair,Stationery,7,2023,141,89.37,152,48,10
1410,Chair,Furniture,5,2023,357,134.83,66,73,19
1411,Cereal,Clothing,6,2023,213,99.13,229,80,11
1412,Laptop,Electronics,5,2023,430,64.22,46,80,14
1413,Notebook,Electronics,3,2023,12,117.75,33,66,7
1414,Shirt,Clothing,8,2023,27,199.98,162,89,16
1415,Notebook,Stationery,12,2023,152,193.69,110,57,9
1416,Laptop,Furniture,12,2023,394,121.88,102,43,7
1417,Chair,Stationery,2,2023,162,162.16,118,81,8
1418,Shirt,Stationery,6,2023,179,145.7,42,70,18
1419,Cereal,Groceries,3,2023,98,66.15,238,82,12
1420,Chair,Furniture,11,2023,123,122.09,122,57,14
1421,Notebook,Groceries,2,2023,470,167.21,98,31,13
1422,Laptop,Electronics,11,2023,454,84.01,201,76,9
1423,Chair,Furniture,3,2023,120,58.41,109,66,15
1424,Laptop,Electronics,5,2023,197,17.59,288,54,7
1425,Notebook,Clothing,6,2023,306,174.52,24,75,12
1426,Shirt,Clothing,10,2023,376,150.77,222,43,14
1427,Chair,Electronics,10,2023,499,68.86,82,56,3
1428,Notebook,Electronics,10,2023,193,159.76,270,42,19
1429,Chair,Stationery,1,2023,297,132.04,259,55,17
1430,Shirt,Clothing,6,2023,60,47.86,136,47,6
1431,Shirt,Stationery,5,2023,446,93.96,264,76,3
1432,Shirt,Stationery,2,2023,412,196.07,267,69,7
1433,Laptop,Furniture,9,2023,496,182.83,47,86,14
1434,Laptop,Electronics,4,2023,91,32.63,130,91,9
1435,Notebook,Clothing,9,2023,385,175.75,93,97,12
1436,Shirt,Clothing,3,2023,351,167.34,190,76,7
1437,Laptop,Stationery,7,2023,497,153.15,3,48,12
1438,Chair,Furniture,2,2023,363,134.42,139,67,18
1439,Notebook,Groceries,5,2023,294,95.33,59,44,14
1440,Laptop,Electronics,11,2023,430,166.83,290,82,3
1441,Shirt,Stationery,9,2023,233,173.65,31,35,5
1442,Cereal,Groceries,8,2023,454,109.04,160,85,20
1443,Cereal,Groceries,12,2023,303,137.58,236,58,8
1444,Chair,Electronics,12,2023,184,140.41,219,58,6
1445,Shirt,Furniture,8,2023,279,57.43,14,32,17
1446,Cereal,Groceries,6,2023,431,13.45,76,87,17
1447,Chair,Clothing,9,2023,25,82.82,197,31,9
1448,Laptop,Furniture,2,2023,356,160.79,196,48,19
1449,Shirt,Clothing,1,2023,284,92.84,38,63,15
1450,Shirt,Electronics,5,2023,313,34.03,42,68,20
1451,Laptop,Groceries,12,2023,353,163.84,274,98,8
1452,Shirt,Clothing,1,2023,243,85.67,163,80,19
1453,Chair,Stationery,5,2023,251,10.72,4,80,20
1454,Chair,Stationery,3,2023,102,191.35,219,97,14
1455,Notebook,Clothing,5,2023,390,146.06,206,70,3
1456,Laptop,Stationery,3,2023,158,16.41,80,61,7
1457,Laptop,Electronics,5,2023,102,71.69,129,84,2
1458,Chair,Furniture,5,2023,193,87.59,241,64,18
1459,Chair,Groceries,5,2023,466,62.1,145,70,14
1460,Laptop,Clothing,1,2023,258,154.43,138,80,19
1461,Notebook,Stationery,4,2023,484,193.48,109,39,13
1462,Cereal,Furniture,1,2023,309,94.22,245,60,4
1463,Laptop,Groceries,5,2023,36,147.69,158,75,2
1464,Notebook,Electronics,11,2023,134,161.12,119,71,16
1465,Cereal,Stationery,6,2023,392,108.99,149,48,20
1466,Cereal,Clothing,2,2023,131,185.27,131,64,3
1467,Notebook,Clothing,11,2023,120,142.12,65,81,18
1468,Laptop,Stationery,9,2023,285,194.55,245,84,12
1469,Shirt,Stationery,1,2023,404,118.35,87,58,8
1470,Chair,Clothing,6,2023,278,145.06,296,68,5
1471,Notebook,Furniture,2,2023,459,100.63,179,86,7
1472,Notebook,Electronics,1,2023,452,43.87,56,38,5
1473,Shirt,Stationery,1,2023,400,189.62,279,38,5
1474,Shirt,Furniture,12,2023,340,103.7,196,63,10
1475,Shirt,Furniture,8,2023,386,33.55,90,71,20
1476,Chair,Stationery,11,2023,73,175.78,20,51,2
1477,Chair,Groceries,1,2023,98,141.36,49,68,2
1478,Shirt,Groceries,1,2023,452,153.82,265,37,9
1479,Cereal,Electronics,4,2023,155,106.73,5,85,15
1480,Shirt,Electronics,6,2023,26,135.4,117,60,9
1481,Chair,Stationery,10,2023,46,90.54,240,58,20
1482,Notebook,Stationery,4,2023,468,30.28,96,56,8
1483,Chair,Stationery,10,2023,332,142.81,271,62,4
1484,Chair,Furniture,3,2023,22,152.08,101,65,2
1485,Cereal,Groceries,6,2023,285,103.79,235,60,19
1486,Notebook,Electronics,12,2023,466,41.96,68,35,17
1487,Cereal,Clothing,6,2023,487,113.71,268,32,6
1488,Cereal,Furniture,8,2023,170,189.67,57,69,11
1489,Laptop,Clothing,7,2023,54,165.32,104,52,4
1490,Cereal,Furniture,2,2023,303,91.76,87,82,14
1491,Chair,Clothing,4,2023,227,89.22,119,76,5
1492,Chair,Furniture,9,2023,185,75.43,176,92,18
1493,Chair,Furniture,3,2023,90,152.71,197,86,9
1494,Cereal,Clothing,8,2023,464,81.06,233,98,11
1495,Chair,Stationery,3,2023,148,123.74,109,47,3
1496,Shirt,Furniture,6,2023,367,181.16,225,45,13
1497,Chair,Furniture,12,2023,323,56.25,202,93,19
1498,Shirt,Stationery,3,2023,350,60.95,67,86,6
1499,Chair,Groceries,1,2023,433,38.67,128,62,16
1500,Cereal,Clothing,4,2023,416,182.3,23,33,13
1501,Shirt,Groceries,11,2023,326,169.29,93,31,5
1502,Cereal,Electronics,6,2023,70,25.9,132,83,17
1503,Shirt,Groceries,8,2023,97,11.87,258,68,20
1504,Cereal,Clothing,6,2023,453,146.31,16,60,12
1505,Chair,Stationery,1,2023,220,192.09,47,74,10
1506,Notebook,Stationery,5,2023,299,94.02,24,76,5
1507,Laptop,Stationery,6,2023,17,151.57,279,94,8
1508,Laptop,Groceries,6,2023,63,173.5,185,52,9
1509,Notebook,Groceries,2,2023,225,19.0,60,85,17
1510,Cereal,Furniture,4,2023,428,154.93,182,59,16
1511,Shirt,Furniture,1,2023,292,61.79,18,77,17
1512,Laptop,Groceries,10,2023,468,107.4,201,63,11
1513,Notebook,Electronics,9,2023,306,35.34,15,45,18
1514,Laptop,Electronics,11,2023,35,107.45,134,54,14
1515,Laptop,Groceries,10,2023,408,36.59,208,70,14
1516,Cereal,Stationery,10,2023,468,182.4,213,39,4
1517,Cereal,Furniture,11,2023,211,78.91,291,83,4
1518,Shirt,Stationery,11,2023,204,140.55,27,82,8
1519,Shirt,Stationery,7,2023,479,106.82,251,58,6
1520,Chair,Electronics,1,2023,211,182.88,206,64,12
1521,Cereal,Stationery,2,2023,28,154.01,297,59,5
1522,Chair,Furniture,7,2023,327,172.06,41,69,11
1523,Chair,Furniture,9,2023,372,189.97,72,88,16
1524,Shirt,Stationery,11,2023,459,61.48,57,45,13
1525,Laptop,Groceries,12,2023,91,71.83,40,93,20
1526,Shirt,Groceries,3,2023,370,47.53,61,51,14
1527,Laptop,Clothing,11,2023,230,129.14,196,67,14
1528,Shirt,Groceries,3,2023,266,28.33,131,70,12
1529,Laptop,Stationery,6,2023,253,62.46,238,32,3
1530,Cereal,Stationery,10,2023,382,122.43,181,52,2
1531,Laptop,Stationery,8,2023,86,150.75,143,39,18
1532,Cereal,Electronics,7,2023,245,124.52,91,61,18
1533,Shirt,Furniture,5,2023,349,67.24,5,72,9
1534,Shirt,Electronics,7,2023,267,169.03,227,77,18
1535,Laptop,Furniture,2,2023,300,107.76,203,93,17
1536,Notebook,Furniture,12,2023,384,118.87,243,85,17
1537,Cereal,Stationery,8,2023,409,158.14,245,36,6
1538,Chair,Groceries,5,2023,111,168.09,98,44,18
1539,Notebook,Clothing,11,2023,264,165.14,128,96,7
1540,Shirt,Electronics,10,2023,236,56.1,160,73,20
1541,Cereal,Stationery,12,2023,284,154.71,107,79,12
1542,Shirt,Stationery,4,2023,86,10.89,58,87,15
1543,Chair,Stationery,1,2023,168,123.11,92,88,8
1544,Notebook,Groceries,10,2023,427,149.77,99,40,14
1545,Notebook,Furniture,1,2023,174,130.43,183,66,17
1546,Laptop,Clothing,8,2023,453,60.92,158,69,20
1547,Cereal,Furniture,5,2023,255,100.75,33,52,6
1548,Chair,Stationery,12,2023,85,111.39,252,31,9
1549,Laptop,Clothing,6,2023,482,137.33,158,32,2
1550,Chair,Stationery,4,2023,47,184.2,193,58,12
1551,Chair,Stationery,9,2023,166,111.9,33,70,10
1552,Cereal,Electronics,3,2023,228,159.28,28,48,13
1553,Shirt,Groceries,7,2023,159,114.09,265,90,4
1554,Shirt,Furniture,12,2023,401,107.81,267,95,20
1555,Shirt,Groceries,11,2023,478,193.65,31,30,11
1556,Chair,Clothing,8,2023,481,46.04,143,50,16
1557,Cereal,Groceries,12,2023,494,160.83,165,70,4
1558,Laptop,Electronics,4,2023,238,165.06,42,96,2
1559,Notebook,Clothing,8,2023,327,58.62,185,99,12
1560,Laptop,Furniture,10,2023,387,112.67,275,87,11
1561,Shirt,Groceries,2,2023,95,114.49,91,39,2
1562,Chair,Stationery,4,2023,306,78.44,257,69,7
1563,Chair,Groceries,2,2023,393,137.82,4,82,6
1564,Chair,Furniture,1,2023,283,88.77,0,80,6
1565,Cereal,Furniture,11,2023,141,167.74,113,91,19
1566,Shirt,Furniture,11,2023,105,50.09,242,56,2
1567,Laptop,Clothing,4,2023,31,44.03,249,66,9
1568,Notebook,Electronics,4,2023,319,106.34,3,90,8
1569,Cereal,Electronics,5,2023,219,70.03,267,85,2
1570,Shirt,Groceries,11,2023,158,158.95,35,90,14
1571,Shirt,Groceries,11,2023,363,78.76,101,44,17
1572,Shirt,Stationery,5,2023,354,149.43,4,72,3
1573,Cereal,Electronics,11,2023,363,101.6,34,82,16
1574,Shirt,Groceries,4,2023,131,10.54,66,99,13
1575,Cereal,Electronics,2,2023,473,172.66,90,91,15
1576,Shirt,Stationery,1,2023,427,183.63,255,96,12
1577,Laptop,Furniture,1,2023,286,148.01,65,77,3
1578,Chair,Furniture,12,2023,190,194.29,187,77,12
1579,Cereal,Stationery,10,2023,257,36.81,72,34,14
1580,Cereal,Groceries,3,2023,335,32.41,23,84,8
1581,Chair,Clothing,2,2023,393,131.43,189,41,3
1582,Laptop,Stationery,6,2023,259,151.79,162,38,12
1583,Notebook,Stationery,4,2023,155,177.63,15,46,14
1584,Notebook,Furniture,7,2023,327,23.86,107,95,14
1585,Notebook,Stationery,2,2023,256,34.4,198,84,13
1586,Chair,Groceries,9,2023,398,23.35,236,91,15
1587,Laptop,Stationery,10,2023,301,142.17,292,52,10
1588,Cereal,Electronics,10,2023,304,103.82,37,45,17
1589,Shirt,Stationery,8,2023,276,59.65,294,88,11
1590,Cereal,Groceries,4,2023,290,196.99,106,77,16
1591,Notebook,Electronics,11,2023,499,104.7,261,88,19
1592,Chair,Clothing,10,2023,339,160.71,80,36,4
1593,Cereal,Stationery,4,2023,386,41.12,8,37,18
1594,Cereal,Clothing,11,2023,48,143.78,274,70,3
1595,Notebook,Groceries,2,2023,355,135.1,150,65,6
1596,Cereal,Clothing,6,2023,209,23.41,98,96,10
1597,Notebook,Clothing,8,2023,264,198.85,294,58,2
1598,Cereal,Electronics,5,2023,83,140.62,222,46,11
1599,Notebook,Furniture,6,2023,397,133.52,216,67,9
1600,Shirt,Groceries,8,2023,282,184.65,78,44,18
1601,Shirt,Stationery,4,2023,55,103.18,240,60,17
1602,Notebook,Groceries,1,2023,254,120.51,38,51,7
1603,Laptop,Furniture,10,2023,128,177.29,230,79,13
1604,Chair,Furniture,9,2023,255,120.43,234,35,19
1605,Laptop,Stationery,11,2023,101,139.59,106,69,18
1606,Shirt,Clothing,7,2023,370,145.48,73,76,8
1607,Chair,Groceries,3,2023,56,91.06,272,87,3
1608,Shirt,Stationery,8,2023,370,177.04,12,47,2
1609,Laptop,Clothing,8,2023,59,80.86,24,57,13
1610,Laptop,Clothing,11,2023,400,56.95,0,60,16
1611,Shirt,Groceries,3,2023,485,79.81,39,82,11
1612,Chair,Stationery,5,2023,155,180.71,200,39,13
1613,Notebook,Electronics,4,2023,225,146.03,0,80,2
1614,Shirt,Clothing,3,2023,126,101.08,3,75,11
1615,Chair,Groceries,11,2023,285,153.09,99,34,9
1616,Chair,Clothing,10,2023,489,97.02,191,78,9
1617,Shirt,Electronics,2,2023,340,78.36,284,75,3
1618,Notebook,Furniture,4,2023,33,130.04,157,35,17
1619,Chair,Clothing,4,2023,444,117.01,77,73,14
1620,Shirt,Groceries,11,2023,135,103.45,187,54,12
1621,Cereal,Furniture,3,2023,199,148.63,243,51,14
1622,Shirt,Stationery,2,2023,310,11.62,12,53,10
1623,Shirt,Stationery,12,2023,458,60.15,277,41,18
1624,Shirt,Furniture,9,2023,415,156.72,162,44,5
1625,Shirt,Stationery,5,2023,151,194.24,226,73,11
1626,Notebook,Electronics,3,2023,456,164.42,176,44,3
1627,Chair,Electronics,2,2023,279,66.63,115,93,16
1628,Chair,Clothing,1,2023,467,76.24,115,42,19
1629,Notebook,Furniture,12,2023,142,155.79,241,59,12
1630,Shirt,Groceries,12,2023,147,54.77,80,34,8
1631,Notebook,Clothing,2,2023,92,115.64,226,48,18
1632,Laptop,Clothing,7,2023,185,45.81,166,74,3
1633,Laptop,Clothing,5,2023,345,98.88,208,98,8
1634,Chair,Clothing,3,2023,303,175.52,98,47,6
1635,Shirt,Clothing,5,2023,72,153.13,223,97,5
1636,Shirt,Stationery,5,2023,462,83.11,246,68,2
1637,Notebook,Stationery,3,2023,178,191.62,1,40,6
1638,Laptop,Clothing,12,2023,270,129.7,42,58,18
1639,Laptop,Groceries,1,2023,330,134.5,96,51,20
1640,Cereal,Groceries,5,2023,274,146.8,8,77,8
1641,Shirt,Electronics,11,2023,365,73.09,7,78,10
1642,Laptop,Furniture,5,2023,481,112.14,226,100,14
1643,Cereal,Clothing,7,2023,294,61.43,227,47,7
1644,Chair,Clothing,1,2023,71,106.14,235,79,17
1645,Shirt,Clothing,6,2023,487,148.38,78,73,11
1646,Shirt,Furniture,3,2023,483,150.11,90,76,10
1647,Laptop,Electronics,12,2023,288,29.5,122,83,11
1648,Laptop,Electronics,12,2023,95,197.1,146,33,12
1649,Shirt,Furniture,8,2023,327,87.81,237,91,18
1650,Notebook,Groceries,8,2023,243,145.01,26,96,16
1651,Laptop,Furniture,1,2023,68,158.25,147,36,4
1652,Laptop,Electronics,11,2023,485,196.53,143,38,13
1653,Chair,Clothing,11,2023,334,104.07,238,46,2
1654,Laptop,Clothing,9,2023,80,86.37,285,89,16
1655,Laptop,Electronics,8,2023,51,28.04,130,47,20
1656,Notebook,Furniture,11,2023,203,156.9,113,43,16
1657,Shirt,Clothing,12,2023,433,33.89,92,93,2
1658,Shirt,Electronics,9,2023,363,22.68,76,80,9
1659,Shirt,Electronics,2,2023,256,12.82,276,35,8
1660,Shirt,Groceries,2,2023,207,151.02,40,55,19
1661,Cereal,Stationery,11,2023,70,197.12,103,41,5
1662,Cereal,Groceries,12,2023,282,108.28,258,84,16
1663,Chair,Groceries,12,2023,249,85.19,220,87,11
1664,Notebook,Electronics,6,2023,16,88.22,144,40,9
1665,Notebook,Groceries,10,2023,395,92.19,73,81,3
1666,Laptop,Groceries,11,2023,116,76.78,243,53,13
1667,Cereal,Groceries,1,2023,223,94.22,185,67,3
1668,Chair,Electronics,5,2023,481,126.92,252,49,19
1669,Cereal,Stationery,3,2023,19,23.93,244,84,11
1670,Cereal,Electronics,8,2023,190,16.65,83,75,16
1671,Chair,Clothing,1,2023,11,63.26,70,67,15
1672,Chair,Groceries,3,2023,180,117.77,187,100,5
1673,Chair,Electronics,3,2023,420,112.93,36,90,15
1674,Chair,Electronics,5,2023,85,110.13,205,43,19
1675,Cereal,Electronics,7,2023,35,195.71,2,39,18
1676,Notebook,Groceries,7,2023,84,198.19,78,44,12
1677,Laptop,Groceries,12,2023,34,64.54,194,55,7
1678,Notebook,Stationery,2,2023,102,69.11,202,37,6
1679,Chair,Electronics,6,2023,479,93.9,138,74,3
1680,Shirt,Groceries,9,2023,304,124.74,225,73,10
1681,Laptop,Stationery,8,2023,64,62.42,299,98,2
1682,Laptop,Clothing,4,2023,139,41.8,288,32,11
1683,Shirt,Groceries,2,2023,61,74.66,114,99,2
1684,Chair,Furniture,8,2023,454,27.44,40,71,20
1685,Shirt,Electronics,10,2023,330,47.09,284,76,9
1686,Chair,Stationery,7,2023,361,44.9,296,35,5
1687,Notebook,Stationery,7,2023,305,125.35,101,58,3
1688,Notebook,Groceries,2,2023,446,109.29,227,37,13
1689,Cereal,Clothing,3,2023,205,82.21,170,45,12
1690,Chair,Stationery,1,2023,421,84.99,170,49,14
1691,Chair,Stationery,1,2023,139,146.48,205,35,4
1692,Shirt,Electronics,12,2023,72,145.27,2,36,6
1693,Chair,Furniture,9,2023,264,168.2,3,58,13
1694,Shirt,Stationery,8,2023,21,153.24,149,32,9
1695,Notebook,Clothing,4,2023,96,139.35,14,97,9
1696,Chair,Clothing,6,2023,150,197.22,59,94,18
1697,Laptop,Clothing,10,2023,451,169.95,248,98,5
1698,Shirt,Stationery,1,2023,472,19.63,101,86,6
1699,Laptop,Groceries,4,2023,371,137.39,31,36,3
1700,Laptop,Groceries,2,2023,340,193.2,8,48,16
1701,Laptop,Stationery,6,2023,239,122.72,102,32,20
1702,Shirt,Clothing,2,2023,214,119.01,93,56,20
1703,Cereal,Electronics,12,2023,461,94.79,59,44,13
1704,Laptop,Furniture,2,2023,418,110.51,140,40,17
1705,Chair,Stationery,7,2023,111,182.43,91,86,8
1706,Chair,Stationery,9,2023,291,22.03,176,74,18
1707,Cereal,Stationery,10,2023,356,75.84,155,94,5
1708,Cereal,Groceries,7,2023,160,103.83,94,35,16
1709,Cereal,Groceries,4,2023,368,15.45,200,99,9
1710,Cereal,Stationery,10,2023,252,193.94,82,41,18
1711,Shirt,Electronics,3,2023,123,29.0,295,56,13
1712,Laptop,Groceries,2,2023,131,48.51,181,100,18
1713,Laptop,Furniture,12,2023,339,59.71,2,100,16
1714,Cereal,Furniture,8,2023,344,48.23,153,45,6
1715,Shirt,Groceries,4,2023,393,55.68,135,95,18
1716,Cereal,Furniture,3,2023,309,59.47,278,75,17
1717,Chair,Groceries,5,2023,372,109.92,49,30,19
1718,Chair,Furniture,5,2023,278,104.25,99,35,10
1719,Shirt,Stationery,5,2023,358,61.68,10,75,12
1720,Laptop,Clothing,11,2023,414,190.57,21,74,14
1721,Cereal,Clothing,11,2023,56,163.71,26,98,5
1722,Cereal,Clothing,9,2023,438,149.28,42,67,3
1723,Notebook,Stationery,11,2023,371,65.92,170,34,4
1724,Shirt,Clothing,11,2023,350,159.39,92,89,10
1725,Chair,Groceries,2,2023,324,186.63,151,62,6
1726,Notebook,Stationery,4,2023,231,160.57,115,31,19
1727,Shirt,Stationery,2,2023,124,155.13,35,95,5
1728,Shirt,Electronics,10,2023,379,117.09,74,93,12
1729,Chair,Electronics,11,2023,57,116.69,153,97,13
1730,Laptop,Furniture,1,2023,63,17.66,140,34,12
1731,Notebook,Groceries,3,2023,311,143.61,9,43,13
1732,Notebook,Electronics,8,2023,251,150.04,150,96,3
1733,Cereal,Stationery,4,2023,34,62.64,271,96,6
1734,Shirt,Stationery,5,2023,376,58.37,300,74,18
1735,Shirt,Stationery,5,2023,27,140.9,26,55,18
1736,Chair,Electronics,5,2023,66,182.72,146,74,20
1737,Shirt,Groceries,8,2023,466,94.83,289,36,7
1738,Laptop,Clothing,2,2023,38,128.59,55,90,2
1739,Cereal,Stationery,9,2023,151,48.92,283,95,8
1740,Cereal,Groceries,12,2023,380,43.07,182,88,16
1741,Shirt,Furniture,4,2023,474,34.36,49,95,3
1742,Chair,Stationery,2,2023,64,158.99,67,36,8
1743,Cereal,Furniture,2,2023,289,181.59,28,69,9
1744,Chair,Clothing,4,2023,265,189.95,5,88,4
1745,Chair,Stationery,7,2023,437,41.07,190,50,14
1746,Shirt,Furniture,1,2023,174,138.86,45,88,16
1747,Laptop,Electronics,5,2023,39,119.52,286,64,10
1748,Notebook,Groceries,12,2023,298,26.04,14,86,6
1749,Laptop,Groceries,11,2023,268,154.32,261,59,12
1750,Laptop,Furniture,3,2023,500,179.31,145,54,19
1751,Shirt,Furniture,5,2023,127,125.52,121,48,14
1752,Notebook,Electronics,12,2023,325,59.52,121,38,9
1753,Notebook,Clothing,4,2023,319,17.66,140,42,12
1754,Notebook,Groceries,4,2023,435,175.0,120,43,12
1755,Cereal,Stationery,9,2023,210,42.31,119,62,7
1756,Chair,Stationery,2,2023,119,129.18,142,48,17
1757,Shirt,Clothing,1,2023,135,41.47,110,97,5
1758,Cereal,Electronics,7,2023,58,95.32,290,71,13
1759,Notebook,Electronics,5,2023,75,96.83,157,98,2
1760,Shirt,Electronics,1,2023,404,40.14,87,95,17
1761,Laptop,Furniture,12,2023,259,105.27,210,80,10
1762,Laptop,Electronics,2,2023,187,30.57,286,69,12
1763,Notebook,Groceries,9,2023,215,16.89,30,97,9
1764,Chair,Furniture,6,2023,301,52.58,123,50,7
1765,Shirt,Furniture,2,2023,265,92.04,166,87,4
1766,Cereal,Stationery,7,2023,430,123.06,175,100,10
1767,Chair,Electronics,10,2023,107,115.87,56,44,9
1768,Laptop,Groceries,6,2023,425,80.31,285,60,4
1769,Chair,Electronics,2,2023,126,165.51,218,96,5
1770,Laptop,Furniture,12,2023,401,111.21,167,94,2
1771,Cereal,Electronics,7,2023,24,97.55,266,52,7
1772,Notebook,Clothing,11,2023,31,199.68,234,99,6
1773,Shirt,Groceries,1,2023,15,22.97,300,97,18
1774,Laptop,Stationery,4,2023,459,81.12,201,78,5
1775,Chair,Furniture,11,2023,438,153.86,7,68,13
1776,Cereal,Furniture,2,2023,495,39.25,2,53,13
1777,Shirt,Clothing,1,2023,242,190.45,186,83,19
1778,Shirt,Electronics,5,2023,372,90.54,0,30,9
1779,Shirt,Clothing,4,2023,50,112.08,198,97,5
1780,Shirt,Clothing,10,2023,365,92.41,299,97,11
1781,Laptop,Stationery,6,2023,128,148.68,285,49,12
1782,Notebook,Groceries,1,2023,487,191.87,229,73,9
1783,Chair,Electronics,10,2023,329,96.3,84,77,19
1784,Laptop,Furniture,6,2023,98,123.31,46,43,13
1785,Notebook,Groceries,9,2023,429,69.77,190,85,20
1786,Chair,Stationery,9,2023,77,163.61,118,35,17
1787,Chair,Stationery,10,2023,365,135.6,40,47,13
1788,Cereal,Electronics,3,2023,399,123.54,10,31,9
1789,Laptop,Groceries,1,2023,423,49.35,25,66,17
1790,Shirt,Electronics,5,2023,142,10.18,68,67,2
1791,Chair,Electronics,4,2023,37,31.79,208,96,16
1792,Chair,Clothing,10,2023,245,128.94,65,30,15
1793,Cereal,Groceries,8,2023,408,188.9,108,63,15
1794,Notebook,Groceries,10,2023,493,110.89,127,44,14
1795,Shirt,Clothing,3,2023,392,189.97,35,39,19
1796,Cereal,Groceries,4,2023,457,66.6,86,94,6
1797,Notebook,Clothing,11,2023,80,28.08,215,30,7
1798,Chair,Clothing,6,2023,308,175.61,300,100,16
1799,Chair,Furniture,2,2023,208,41.59,94,50,17
1800,Shirt,Clothing,11,2023,106,40.17,200,32,14
1801,Laptop,Furniture,8,2023,239,52.91,64,96,8
1802,Chair,Clothing,11,2023,109,39.39,28,67,8
1803,Chair,Furniture,6,2023,298,37.62,254,37,5
1804,Shirt,Clothing,8,2023,91,55.81,286,76,8
1805,Cereal,Stationery,7,2023,146,143.93,75,60,20
1806,Shirt,Furniture,11,2023,109,120.97,88,46,6
1807,Chair,Stationery,2,2023,219,196.94,65,96,14
1808,Laptop,Electronics,2,2023,212,175.26,257,58,19
1809,Shirt,Furniture,4,2023,141,104.63,196,38,14
1810,Chair,Furniture,12,2023,35,141.63,61,35,20
1811,Shirt,Furniture,6,2023,30,179.56,282,79,5
1812,Chair,Groceries,4,2023,486,34.57,122,64,2
1813,Notebook,Clothing,3,2023,103,107.11,290,51,5
1814,Cereal,Clothing,7,2023,374,180.04,252,93,8
1815,Cereal,Electronics,8,2023,38,194.83,297,96,16
1816,Cereal,Stationery,12,2023,391,105.16,12,62,13
1817,Cereal,Groceries,10,2023,411,70.22,127,88,14
1818,Chair,Electronics,10,2023,398,40.01,292,49,13
1819,Cereal,Furniture,4,2023,386,48.9,88,97,9
1820,Laptop,Clothing,6,2023,41,121.05,19,98,18
1821,Chair,Stationery,4,2023,50,11.07,160,46,12
1822,Cereal,Stationery,10,2023,427,47.89,273,60,15
1823,Cereal,Clothing,7,2023,319,137.46,253,44,4
1824,Laptop,Clothing,5,2023,469,51.15,126,97,10
1825,Laptop,Groceries,4,2023,159,162.6,152,39,5
1826,Cereal,Electronics,3,2023,51,112.19,11,100,5
1827,Notebook,Electronics,9,2023,340,63.26,92,30,13
1828,Notebook,Furniture,3,2023,374,155.71,207,73,14
1829,Cereal,Stationery,11,2023,282,47.65,271,91,12
1830,Shirt,Clothing,9,2023,440,96.58,271,35,7
1831,Laptop,Clothing,1,2023,390,42.19,239,78,20
1832,Chair,Electronics,5,2023,417,168.07,218,72,19
1833,Cereal,Stationery,5,2023,240,17.4,116,34,2
1834,Chair,Furniture,3,2023,489,13.45,231,99,20
1835,Chair,Furniture,1,2023,429,21.87,11,92,13
1836,Cereal,Furniture,3,2023,228,168.07,102,49,2
1837,Shirt,Stationery,12,2023,297,42.8,12,77,12
1838,Laptop,Clothing,11,2023,79,47.64,280,31,17
1839,Chair,Stationery,8,2023,60,145.1,260,42,6
1840,Chair,Furniture,1,2023,317,79.93,59,64,3
1841,Chair,Clothing,2,2023,437,55.22,237,34,7
1842,Shirt,Stationery,9,2023,411,86.26,49,36,19
1843,Laptop,Groceries,12,2023,384,195.19,268,84,19
1844,Cereal,Stationery,11,2023,167,120.09,33,48,7
1845,Notebook,Electronics,9,2023,441,43.72,161,60,20
1846,Shirt,Electronics,10,2023,71,152.85,33,63,13
1847,Chair,Electronics,2,2023,272,26.34,281,40,11
1848,Shirt,Electronics,12,2023,450,70.83,274,90,5
1849,Cereal,Groceries,5,2023,57,37.46,29,36,14
1850,Chair,Groceries,5,2023,457,171.27,8,93,12
1851,Notebook,Groceries,12,2023,130,14.13,237,47,4
1852,Shirt,Furniture,11,2023,486,87.04,77,61,13
1853,Notebook,Clothing,9,2023,41,139.82,112,50,19
1854,Chair,Furniture,2,2023,209,119.02,46,79,12
1855,Cereal,Electronics,12,2023,175,123.39,278,56,6
1856,Laptop,Clothing,6,2023,473,152.32,162,48,6
1857,Chair,Electronics,10,2023,335,18.52,199,90,4
1858,Chair,Electronics,9,2023,454,147.85,293,90,6
1859,Chair,Clothing,12,2023,274,43.66,298,44,20
1860,Notebook,Stationery,1,2023,351,15.14,50,66,10
1861,Laptop,Furniture,7,2023,434,108.62,249,61,10
1862,Notebook,Furniture,5,2023,172,114.51,236,81,8
1863,Shirt,Stationery,6,2023,44,107.7,47,80,19
1864,Chair,Clothing,4,2023,50,182.97,249,83,7
1865,Notebook,Clothing,4,2023,350,130.12,42,64,5
1866,Cereal,Groceries,10,2023,260,183.2,173,36,18
1867,Laptop,Electronics,3,2023,14,107.48,229,46,20
1868,Chair,Groceries,5,2023,36,97.06,154,57,19
1869,Shirt,Stationery,2,2023,331,51.18,68,99,12
1870,Cereal,Stationery,9,2023,308,175.18,99,80,12
1871,Laptop,Clothing,1,2023,196,190.6,241,57,11
1872,Cereal,Furniture,12,2023,393,34.53,186,95,8
1873,Shirt,Clothing,12,2023,439,38.53,154,94,17
1874,Chair,Stationery,4,2023,70,197.36,150,93,3
1875,Laptop,Groceries,9,2023,107,199.84,203,59,14
1876,Shirt,Furniture,5,2023,63,95.76,64,61,7
1877,Notebook,Stationery,7,2023,56,131.16,141,92,5
1878,Chair,Groceries,8,2023,360,53.76,172,63,6
1879,Notebook,Clothing,12,2023,115,167.37,116,95,18
1880,Cereal,Stationery,2,2023,261,128.09,173,57,17
1881,Cereal,Stationery,11,2023,85,19.55,75,67,4
1882,Cereal,Stationery,2,2023,157,90.36,44,84,14
1883,Chair,Furniture,3,2023,363,35.49,296,90,10
1884,Cereal,Clothing,1,2023,249,76.68,151,74,9
1885,Cereal,Stationery,12,2023,327,164.44,148,86,10
1886,Cereal,Electronics,11,2023,153,117.31,170,34,6
1887,Notebook,Clothing,9,2023,365,74.11,212,86,15
1888,Cereal,Groceries,3,2023,471,129.33,75,60,19
1889,Notebook,Groceries,8,2023,408,101.07,57,73,17
1890,Cereal,Groceries,12,2023,244,146.29,214,80,15
1891,Cereal,Electronics,5,2023,392,94.99,136,81,16
1892,Notebook,Electronics,11,2023,294,117.25,177,93,19
1893,Laptop,Groceries,5,2023,204,153.37,251,76,3
1894,Shirt,Furniture,8,2023,70,26.05,226,31,5
1895,Shirt,Furniture,4,2023,406,199.68,225,81,10
1896,Notebook,Furniture,5,2023,197,173.78,3,73,3
1897,Cereal,Electronics,8,2023,122,61.24,221,83,20
1898,Laptop,Groceries,6,2023,46,103.79,213,73,18
1899,Chair,Furniture,2,2023,483,136.63,118,98,15
1900,Chair,Furniture,6,2023,139,173.01,206,70,2
1901,Chair,Furniture,10,2023,163,20.34,263,46,14
1902,Shirt,Furniture,11,2023,50,193.58,84,52,2
1903,Cereal,Stationery,3,2023,63,26.73,105,49,4
1904,Notebook,Electronics,7,2023,40,78.27,55,51,10
1905,Notebook,Electronics,11,2023,277,126.9,280,38,10
1906,Notebook,Clothing,4,2023,229,179.93,175,89,7
1907,Notebook,Electronics,4,2023,47,88.11,241,41,15
1908,Chair,Groceries,2,2023,208,135.43,29,36,7
1909,Cereal,Clothing,8,2023,350,32.07,23,42,7
1910,Notebook,Groceries,7,2023,250,164.54,205,95,12
1911,Chair,Groceries,3,2023,407,39.49,260,56,14
1912,Cereal,Clothing,3,2023,53,94.63,34,87,11
1913,Cereal,Clothing,1,2023,74,27.69,45,93,5
1914,Laptop,Clothing,9,2023,84,160.5,224,40,8
1915,Shirt,Furniture,11,2023,174,74.87,180,30,3
1916,Cereal,Stationery,8,2023,124,17.62,232,65,7
1917,Cereal,Groceries,11,2023,262,100.75,281,35,20
1918,Cereal,Groceries,8,2023,304,159.79,111,76,9
1919,Cereal,Stationery,11,2023,381,144.26,122,65,12
1920,Shirt,Groceries,2,2023,433,118.06,195,34,7
1921,Cereal,Stationery,11,2023,99,32.81,248,31,7
1922,Chair,Furniture,7,2023,74,80.71,210,55,11
1923,Chair,Electronics,2,2023,463,159.74,118,60,8
1924,Chair,Stationery,1,2023,101,160.33,153,97,16
1925,Chair,Electronics,12,2023,157,179.8,99,74,14
1926,Cereal,Clothing,4,2023,248,14.86,219,40,6
1927,Chair,Groceries,7,2023,257,162.98,88,85,15
1928,Shirt,Furniture,11,2023,403,74.2,145,87,6
1929,Shirt,Groceries,9,2023,368,20.17,25,97,19
1930,Chair,Electronics,12,2023,102,67.34,265,60,4
1931,Shirt,Groceries,4,2023,377,151.07,186,91,3
1932,Notebook,Groceries,1,2023,178,59.94,150,66,13
1933,Chair,Groceries,6,2023,412,133.0,44,52,12
1934,Shirt,Groceries,9,2023,214,26.32,249,31,13
1935,Laptop,Furniture,2,2023,33,138.5,114,93,16
1936,Laptop,Furniture,2,2023,200,131.88,54,74,20
1937,Chair,Furniture,12,2023,307,65.14,64,56,18
1938,Shirt,Groceries,6,2023,303,92.05,28,47,14
1939,Cereal,Electronics,5,2023,40,87.71,218,33,13
1940,Laptop,Electronics,2,2023,302,19.71,170,48,5
1941,Notebook,Stationery,4,2023,436,15.8,147,60,19
1942,Shirt,Electronics,8,2023,370,17.64,300,77,10
1943,Cereal,Electronics,8,2023,225,63.08,22,79,17
1944,Chair,Groceries,7,2023,265,52.6,175,34,9
1945,Shirt,Groceries,5,2023,482,36.79,195,78,18
1946,Shirt,Electronics,4,2023,392,107.42,134,92,13
1947,Chair,Furniture,1,2023,365,39.86,285,66,15
1948,Cereal,Stationery,6,2023,422,145.32,250,37,9
1949,Notebook,Stationery,12,2023,485,11.47,108,74,3
1950,Notebook,Electronics,9,2023,345,36.01,121,36,16
1951,Cereal,Stationery,12,2023,68,65.02,179,57,12
1952,Laptop,Groceries,2,2023,201,36.29,209,53,4
1953,Notebook,Furniture,6,2023,476,186.99,183,33,5
1954,Notebook,Stationery,10,2023,133,197.51,52,64,4
1955,Notebook,Stationery,11,2023,271,100.91,109,65,16
1956,Laptop,Electronics,11,2023,26,188.88,201,31,6
1957,Cereal,Furniture,11,2023,315,78.94,121,89,14
1958,Notebook,Groceries,1,2023,251,164.16,238,76,9
1959,Chair,Groceries,4,2023,181,35.85,233,69,9
1960,Laptop,Groceries,9,2023,98,190.97,209,67,3
1961,Notebook,Stationery,8,2023,26,196.35,66,68,12
1962,Laptop,Electronics,12,2023,162,99.45,183,87,13
1963,Shirt,Furniture,5,2023,375,83.98,213,57,13
1964,Laptop,Stationery,3,2023,54,151.9,84,51,7
1965,Laptop,Furniture,10,2023,27,116.89,161,93,3
1966,Chair,Furniture,11,2023,425,109.81,61,95,16
1967,Chair,Groceries,10,2023,323,109.91,23,55,5
1968,Laptop,Stationery,10,2023,486,77.09,238,51,13
1969,Laptop,Furniture,4,2023,390,41.43,78,42,10
1970,Notebook,Groceries,9,2023,72,167.58,17,52,15
1971,Notebook,Furniture,4,2023,380,20.64,194,72,6
1972,Notebook,Stationery,1,2023,98,146.33,169,50,7
1973,Shirt,Groceries,4,2023,450,95.72,238,99,16
1974,Chair,Electronics,9,2023,429,156.31,21,42,11
1975,Laptop,Clothing,6,2023,360,58.06,195,100,15
1976,Shirt,Clothing,12,2023,432,83.98,52,58,14
1977,Notebook,Stationery,8,2023,178,67.61,288,68,9
1978,Notebook,Clothing,9,2023,171,39.97,4,34,15
1979,Shirt,Furniture,12,2023,38,47.92,251,58,11
1980,Laptop,Groceries,11,2023,155,144.35,38,90,12
1981,Shirt,Furniture,12,2023,453,81.05,267,88,19
1982,Shirt,Stationery,5,2023,422,129.45,55,52,11
1983,Laptop,Clothing,11,2023,11,29.45,142,60,10
1984,Chair,Clothing,12,2023,59,34.17,31,91,19
1985,Shirt,Groceries,8,2023,185,98.81,150,46,3
1986,Notebook,Stationery,11,2023,135,118.24,258,71,2
1987,Cereal,Groceries,2,2023,103,124.79,273,98,12
1988,Shirt,Furniture,4,2023,328,149.48,270,88,3
1989,Laptop,Electronics,10,2023,215,39.88,134,39,20
1990,Notebook,Furniture,4,2023,421,164.09,131,96,12
1991,Chair,Furniture,3,2023,399,124.8,3,50,17
1992,Chair,Stationery,12,2023,284,10.7,23,67,7
1993,Laptop,Stationery,3,2023,60,183.93,10,48,18
1994,Shirt,Clothing,1,2023,488,110.59,57,94,16
1995,Notebook,Clothing,6,2023,336,118.82,176,88,10
1996,Cereal,Electronics,3,2023,223,126.86,192,66,17
1997,Laptop,Groceries,12,2023,423,51.68,137,48,4
1998,Chair,Furniture,3,2023,409,143.46,53,76,6
1999,Shirt,Clothing,11,2023,386,90.71,67,59,19
2000,Laptop,Groceries,2,2023,329,49.66,263,98,11
2001,Chair,Furniture,4,2023,461,198.4,212,99,13
2002,Cereal,Furniture,10,2023,190,84.27,243,48,19
2003,Chair,Clothing,3,2023,291,148.71,223,68,10
2004,Chair,Clothing,5,2023,423,24.95,104,85,18
2005,Chair,Clothing,5,2023,290,139.44,190,65,4
2006,Shirt,Clothing,3,2023,50,115.77,196,79,10
2007,Notebook,Clothing,12,2023,63,124.65,198,61,13
2008,Laptop,Groceries,12,2023,24,29.68,110,39,18
2009,Chair,Stationery,8,2023,467,169.81,165,45,16
2010,Shirt,Groceries,9,2023,221,77.08,169,31,12
2011,Chair,Clothing,11,2023,266,92.43,297,63,6
2012,Notebook,Furniture,5,2023,469,11.63,169,82,16
2013,Cereal,Stationery,9,2023,83,54.27,42,89,7
2014,Cereal,Electronics,11,2023,250,67.27,28,45,11
2015,Shirt,Groceries,1,2023,473,115.2,14,100,14
2016,Cereal,Clothing,12,2023,134,39.53,98,77,15
2017,Notebook,Stationery,4,2023,491,19.4,197,90,5
2018,Laptop,Clothing,7,2023,120,62.41,218,40,18
2019,Laptop,Groceries,10,2023,475,30.41,226,74,5
2020,Cereal,Electronics,8,2023,25,126.94,174,70,9
2021,Chair,Groceries,2,2023,330,95.94,169,50,19
2022,Cereal,Groceries,10,2023,489,40.12,2,61,9
2023,Shirt,Furniture,9,2023,213,167.89,176,73,3
2024,Notebook,Electronics,7,2023,329,159.67,39,77,17
2025,Chair,Stationery,10,2023,195,177.38,206,94,3
2026,Laptop,Clothing,10,2023,78,56.16,195,30,15
2027,Notebook,Electronics,2,2023,21,59.2,242,65,2
2028,Chair,Clothing,11,2023,17,83.48,112,88,9
2029,Chair,Furniture,11,2023,54,28.27,129,42,13
2030,Shirt,Groceries,3,2023,78,171.44,68,45,19
2031,Shirt,Furniture,2,2023,386,57.1,102,96,20
2032,Laptop,Electronics,12,2023,190,59.0,88,75,17
2033,Chair,Groceries,11,2023,374,54.11,77,85,8
2034,Cereal,Electronics,3,2023,419,96.33,101,63,12
2035,Chair,Groceries,10,2023,356,197.34,121,31,14
2036,Notebook,Clothing,5,2023,200,167.69,127,45,14
2037,Shirt,Stationery,5,2023,304,122.0,203,54,8
2038,Notebook,Stationery,6,2023,45,41.54,270,93,20
2039,Shirt,Groceries,9,2023,47,71.1,25,54,16
2040,Shirt,Groceries,4,2023,413,133.34,101,63,15
2041,Chair,Stationery,4,2023,30,49.45,61,37,19
2042,Chair,Electronics,3,2023,168,153.97,157,44,20
2043,Cereal,Groceries,9,2023,178,32.94,264,89,13
2044,Chair,Electronics,4,2023,387,120.03,298,32,9
2045,Cereal,Clothing,2,2023,456,137.96,87,64,18
2046,Chair,Clothing,1,2023,18,119.32,132,66,6
2047,Chair,Stationery,10,2023,84,13.69,96,49,10
2048,Shirt,Clothing,4,2023,296,108.97,103,97,15
2049,Cereal,Electronics,5,2023,106,70.86,179,55,2
2050,Chair,Stationery,2,2023,349,41.42,252,77,9
2051,Shirt,Furniture,12,2023,460,194.47,71,39,9
2052,Notebook,Furniture,2,2023,301,187.41,121,69,15
2053,Cereal,Electronics,7,2023,417,142.14,115,48,10
2054,Cereal,Electronics,2,2023,196,171.73,17,89,14
2055,Notebook,Electronics,2,2023,456,189.46,227,38,14
2056,Shirt,Clothing,12,2023,398,36.26,290,81,12
2057,Cereal,Furniture,3,2023,248,60.67,230,33,2
2058,Shirt,Clothing,8,2023,178,138.84,232,96,6
2059,Notebook,Furniture,7,2023,458,125.33,118,76,14
2060,Chair,Electronics,7,2023,81,105.75,270,89,9
2061,Notebook,Furniture,1,2023,147,166.28,130,30,17
2062,Laptop,Furniture,1,2023,421,34.2,38,32,18
2063,Laptop,Stationery,6,2023,464,53.55,40,78,3
2064,Laptop,Groceries,10,2023,342,168.68,126,36,8
2065,Laptop,Groceries,6,2023,24,187.78,193,99,9
2066,Chair,Furniture,9,2023,430,151.79,230,39,10
2067,Shirt,Groceries,12,2023,410,56.49,34,35,19
2068,Shirt,Stationery,5,2023,423,62.16,224,93,10
2069,Chair,Furniture,3,2023,170,177.08,74,41,10
2070,Shirt,Furniture,11,2023,155,13.56,102,50,14
2071,Cereal,Stationery,5,2023,23,89.26,128,65,15
2072,Cereal,Clothing,6,2023,290,157.37,135,93,10
2073,Notebook,Clothing,9,2023,49,191.4,183,86,7
2074,Cereal,Stationery,10,2023,179,161.47,204,80,19
2075,Cereal,Groceries,9,2023,190,143.24,277,50,11
2076,Chair,Groceries,11,2023,274,83.87,10,65,19
2077,Cereal,Groceries,9,2023,451,156.61,220,54,15
2078,Laptop,Stationery,12,2023,462,174.71,67,64,3
2079,Shirt,Clothing,3,2023,39,74.15,108,47,11
2080,Notebook,Clothing,9,2023,188,171.84,31,97,8
2081,Notebook,Furniture,9,2023,225,61.74,59,56,8
2082,Shirt,Stationery,11,2023,261,49.12,53,37,11
2083,Shirt,Stationery,1,2023,451,58.67,119,45,9
2084,Laptop,Stationery,3,2023,83,129.4,62,93,19
2085,Notebook,Clothing,9,2023,468,90.73,21,30,12
2086,Cereal,Groceries,3,2023,263,94.56,225,62,17
2087,Chair,Clothing,10,2023,326,190.58,214,84,19
2088,Chair,Electronics,8,2023,305,184.23,275,85,2
2089,Cereal,Furniture,1,2023,316,135.72,151,70,15
2090,Notebook,Stationery,2,2023,444,121.69,40,61,5
2091,Shirt,Stationery,1,2023,168,63.02,161,47,17
2092,Laptop,Stationery,10,2023,373,19.11,204,75,9
2093,Notebook,Furniture,12,2023,230,35.48,117,72,15
2094,Shirt,Clothing,8,2023,142,71.52,218,65,16
2095,Cereal,Furniture,8,2023,79,189.42,0,95,3
2096,Chair,Electronics,7,2023,110,125.77,118,56,16
2097,Shirt,Clothing,12,2023,290,67.26,271,66,4
2098,Cereal,Groceries,5,2023,198,57.13,178,31,8
2099,Notebook,Electronics,1,2023,307,87.52,78,67,16
2100,Shirt,Furniture,3,2023,465,78.53,32,85,10
2101,Notebook,Clothing,11,2023,118,70.6,2,48,3
2102,Notebook,Groceries,5,2023,325,94.51,246,52,3
2103,Shirt,Stationery,6,2023,123,191.26,243,75,12
2104,Cereal,Groceries,4,2023,60,180.89,72,98,7
2105,Cereal,Furniture,4,2023,266,162.67,10,62,13
2106,Laptop,Groceries,10,2023,353,168.98,77,57,3
2107,Cereal,Clothing,4,2023,105,98.11,171,94,8
2108,Notebook,Clothing,5,2023,113,18.82,258,69,4
2109,Shirt,Stationery,3,2023,200,20.92,12,82,6
2110,Cereal,Groceries,10,2023,269,83.99,108,92,6
2111,Shirt,Stationery,5,2023,213,161.43,258,47,3
2112,Notebook,Groceries,5,2023,389,134.18,276,39,4
2113,Cereal,Clothing,7,2023,251,199.99,88,68,4
2114,Chair,Electronics,2,2023,148,38.66,68,83,12
2115,Laptop,Furniture,8,2023,492,182.37,247,52,4
2116,Laptop,Clothing,1,2023,38,147.56,31,31,14
2117,Cereal,Electronics,11,2023,75,46.28,35,35,18
2118,Cereal,Furniture,4,2023,174,117.93,40,38,5
2119,Chair,Groceries,11,2023,166,30.51,18,100,13
2120,Shirt,Electronics,9,2023,382,70.36,175,50,8
2121,Shirt,Clothing,8,2023,499,99.5,91,96,2
2122,Chair,Electronics,3,2023,420,97.11,124,85,5
2123,Chair,Clothing,1,2023,277,150.33,94,97,8
2124,Cereal,Electronics,6,2023,211,182.92,147,34,8
2125,Chair,Electronics,10,2023,352,106.22,273,76,17
2126,Cereal,Electronics,3,2023,311,147.82,230,32,3
2127,Chair,Groceries,9,2023,266,166.18,242,53,14
2128,Cereal,Groceries,6,2023,305,131.28,189,93,20
2129,Laptop,Clothing,1,2023,184,14.77,134,37,18
2130,Laptop,Electronics,4,2023,235,160.86,28,79,7
2131,Notebook,Stationery,4,2023,103,97.23,43,65,15
2132,Notebook,Clothing,2,2023,369,106.82,55,46,19
2133,Cereal,Furniture,2,2023,332,171.93,185,100,11
2134,Notebook,Clothing,7,2023,259,73.18,156,44,20
2135,Cereal,Furniture,10,2023,456,193.36,54,60,3
2136,Notebook,Groceries,10,2023,472,115.89,204,71,4
2137,Notebook,Electronics,3,2023,379,133.0,100,54,5
2138,Cereal,Clothing,3,2023,235,170.64,148,80,20
2139,Laptop,Furniture,9,2023,132,167.86,73,33,12
2140,Shirt,Clothing,10,2023,121,27.68,95,33,20
2141,Shirt,Groceries,12,2023,178,187.27,44,53,20
2142,Laptop,Groceries,12,2023,260,84.91,295,57,7
2143,Shirt,Clothing,8,2023,451,88.28,93,90,3
2144,Chair,Electronics,11,2023,22,72.77,51,74,13
2145,Chair,Electronics,2,2023,380,137.38,263,90,4
2146,Shirt,Electronics,7,2023,451,98.5,262,95,16
2147,Cereal,Furniture,11,2023,166,31.37,31,79,18
2148,Notebook,Furniture,10,2023,279,35.74,134,36,15
2149,Laptop,Groceries,1,2023,11,113.34,226,94,8
2150,Notebook,Furniture,6,2023,215,103.01,40,100,11
2151,Shirt,Furniture,12,2023,289,126.46,90,37,5
2152,Cereal,Groceries,12,2023,37,14.94,50,35,7
2153,Notebook,Clothing,1,2023,51,151.38,196,83,14
2154,Notebook,Electronics,3,2023,74,111.61,167,80,9
2155,Notebook,Electronics,1,2023,302,180.83,35,64,13
2156,Notebook,Electronics,5,2023,167,131.29,199,42,9
2157,Shirt,Electronics,10,2023,473,97.01,275,65,13
2158,Chair,Stationery,1,2023,487,170.64,82,72,15
2159,Laptop,Furniture,8,2023,273,44.75,183,80,8
2160,Notebook,Electronics,5,2023,345,55.78,297,41,19
2161,Chair,Clothing,12,2023,102,75.8,239,95,3
2162,Chair,Furniture,7,2023,87,104.08,106,55,15
2163,Shirt,Furniture,5,2023,373,187.71,228,42,4
2164,Chair,Groceries,3,2023,131,141.27,86,95,15
2165,Notebook,Stationery,6,2023,273,124.78,26,94,8
2166,Chair,Stationery,1,2023,25,42.83,256,85,6
2167,Chair,Electronics,11,2023,370,155.26,133,40,19
2168,Chair,Stationery,6,2023,195,181.16,56,72,5
2169,Shirt,Stationery,9,2023,386,57.67,253,36,7
2170,Notebook,Stationery,3,2023,393,101.49,249,95,4
2171,Laptop,Furniture,4,2023,107,105.07,24,58,12
2172,Shirt,Groceries,12,2023,335,85.46,77,60,19
2173,Cereal,Groceries,7,2023,52,21.45,181,52,7
2174,Laptop,Furniture,8,2023,494,98.83,245,62,9
2175,Notebook,Electronics,9,2023,381,156.37,241,56,6
2176,Notebook,Electronics,8,2023,463,83.93,59,30,11
2177,Shirt,Groceries,8,2023,446,73.94,5,77,13
2178,Laptop,Clothing,2,2023,82,178.02,237,44,3
2179,Chair,Electronics,1,2023,369,19.22,241,61,19
2180,Chair,Clothing,2,2023,231,44.0,61,47,8
2181,Cereal,Electronics,1,2023,275,84.2,206,54,6
2182,Notebook,Stationery,8,2023,346,146.5,290,64,13
2183,Shirt,Stationery,8,2023,496,42.65,0,65,11
2184,Cereal,Groceries,12,2023,203,142.08,25,72,19
2185,Laptop,Groceries,7,2023,449,116.12,147,95,16
2186,Laptop,Electronics,10,2023,144,71.27,177,65,12
2187,Notebook,Clothing,6,2023,280,97.21,234,81,11
2188,Notebook,Furniture,10,2023,45,184.67,123,39,20
2189,Shirt,Groceries,11,2023,212,67.67,189,49,20
2190,Notebook,Clothing,6,2023,253,160.15,30,76,2
2191,Chair,Clothing,10,2023,61,151.0,198,60,6
2192,Shirt,Groceries,5,2023,79,44.0,284,49,20
2193,Laptop,Electronics,6,2023,406,55.97,235,93,3
2194,Notebook,Electronics,3,2023,181,37.07,40,58,17
2195,Notebook,Electronics,3,2023,73,48.35,121,43,18
2196,Chair,Groceries,3,2023,263,194.28,139,56,11
2197,Chair,Stationery,10,2023,95,125.08,19,99,4
2198,Shirt,Clothing,4,2023,278,120.99,10,90,20
2199,Shirt,Stationery,1,2023,54,153.04,169,93,17
2200,Notebook,Clothing,8,2023,127,177.73,216,98,2
2201,Laptop,Electronics,9,2023,230,115.02,197,76,12
2202,Laptop,Groceries,8,2023,393,86.79,198,33,3
2203,Shirt,Groceries,3,2023,493,30.12,209,42,13
2204,Shirt,Furniture,3,2023,94,68.73,48,57,7
2205,Chair,Groceries,3,2023,17,128.52,109,100,15
2206,Shirt,Clothing,2,2023,411,43.85,242,91,13
2207,Laptop,Stationery,1,2023,232,37.12,16,44,14
2208,Notebook,Furniture,4,2023,36,181.6,41,81,12
2209,Chair,Furniture,3,2023,321,30.44,42,64,4
2210,Cereal,Clothing,2,2023,442,150.11,213,87,7
2211,Laptop,Electronics,1,2023,483,166.32,162,43,9
2212,Shirt,Stationery,4,2023,208,99.51,63,89,6
2213,Chair,Groceries,4,2023,495,73.57,262,32,17
2214,Cereal,Stationery,11,2023,284,91.71,105,36,11
2215,Laptop,Furniture,7,2023,139,127.94,141,79,7
2216,Chair,Electronics,12,2023,15,178.7,143,64,6
2217,Shirt,Furniture,6,2023,408,115.21,276,81,9
2218,Laptop,Furniture,10,2023,463,194.7,192,58,10
2219,Notebook,Groceries,7,2023,26,112.45,139,34,20
2220,Notebook,Furniture,7,2023,145,74.82,69,48,12
2221,Chair,Clothing,9,2023,398,50.63,189,34,14
2222,Shirt,Furniture,9,2023,173,44.2,212,51,3
2223,Cereal,Electronics,2,2023,50,157.75,47,32,16
2224,Notebook,Electronics,6,2023,175,63.71,83,41,9
2225,Shirt,Furniture,10,2023,361,41.85,41,91,8
2226,Notebook,Groceries,11,2023,288,181.87,89,56,12
2227,Cereal,Furniture,3,2023,240,23.64,290,57,11
2228,Notebook,Furniture,7,2023,324,148.08,265,57,13
2229,Laptop,Clothing,5,2023,219,160.26,81,82,15
2230,Notebook,Clothing,11,2023,48,99.15,134,40,13
2231,Cereal,Electronics,3,2023,173,26.93,249,79,17
2232,Chair,Furniture,2,2023,72,40.08,283,61,8
2233,Chair,Stationery,12,2023,346,125.87,153,86,9
2234,Laptop,Groceries,5,2023,61,80.32,80,89,5
2235,Cereal,Groceries,1,2023,396,120.13,196,77,9
2236,Laptop,Electronics,10,2023,299,121.28,109,46,9
2237,Notebook,Stationery,4,2023,344,101.93,28,83,13
2238,Notebook,Groceries,7,2023,259,126.3,279,89,11
2239,Notebook,Electronics,6,2023,257,188.15,244,40,17
2240,Chair,Clothing,9,2023,327,13.89,59,63,13
2241,Laptop,Groceries,10,2023,157,113.68,56,44,10
2242,Notebook,Furniture,2,2023,308,152.62,222,30,9
2243,Shirt,Groceries,12,2023,260,168.05,206,72,5
2244,Cereal,Stationery,7,2023,138,49.27,106,74,9
2245,Chair,Stationery,12,2023,458,80.15,169,87,11
2246,Laptop,Electronics,10,2023,288,77.74,223,91,9
2247,Notebook,Furniture,9,2023,450,14.21,90,100,4
2248,Laptop,Furniture,12,2023,30,97.56,26,37,13
2249,Shirt,Furniture,12,2023,34,66.57,204,65,7
2250,Notebook,Groceries,1,2023,195,128.48,231,91,13
2251,Chair,Clothing,9,2023,320,69.54,50,94,18
2252,Laptop,Groceries,7,2023,106,176.15,143,33,20
2253,Shirt,Furniture,11,2023,39,77.36,266,57,12
2254,Laptop,Stationery,3,2023,341,47.61,275,52,10
2255,Chair,Electronics,10,2023,493,180.51,214,68,7
2256,Laptop,Stationery,9,2023,91,69.11,157,71,15
2257,Chair,Stationery,1,2023,64,164.89,273,72,6
2258,Shirt,Electronics,2,2023,268,40.3,171,58,17
2259,Chair,Clothing,8,2023,58,144.32,94,31,2
2260,Notebook,Furniture,2,2023,380,14.12,293,85,16
2261,Notebook,Groceries,9,2023,39,68.82,144,61,11
2262,Cereal,Stationery,6,2023,109,164.78,170,51,18
2263,Laptop,Clothing,10,2023,423,146.22,210,43,15
2264,Chair,Furniture,5,2023,385,166.53,187,48,13
2265,Shirt,Furniture,9,2023,304,162.03,56,58,2
2266,Chair,Clothing,12,2023,348,12.31,73,31,6
2267,Shirt,Clothing,1,2023,102,29.71,185,47,20
2268,Chair,Electronics,1,2023,490,98.46,69,45,12
2269,Notebook,Electronics,2,2023,134,71.07,296,98,15
2270,Shirt,Electronics,5,2023,13,191.71,221,67,3
2271,Cereal,Electronics,7,2023,175,39.57,48,36,18
2272,Cereal,Furniture,8,2023,364,46.84,14,39,8
2273,Chair,Groceries,11,2023,257,160.69,190,51,15
2274,Shirt,Groceries,7,2023,311,191.9,254,96,16
2275,Cereal,Electronics,4,2023,42,41.22,188,59,2
2276,Cereal,Furniture,11,2023,162,194.02,78,67,11
2277,Shirt,Electronics,12,2023,17,62.49,44,57,9
2278,Notebook,Electronics,6,2023,198,87.15,52,67,20
2279,Chair,Electronics,5,2023,314,198.92,5,72,3
2280,Chair,Groceries,10,2023,13,184.36,58,66,9
2281,Chair,Electronics,8,2023,371,78.38,188,34,3
2282,Cereal,Furniture,9,2023,120,131.74,60,35,4
2283,Shirt,Clothing,12,2023,254,61.2,96,80,18
2284,Shirt,Electronics,4,2023,249,69.72,227,90,12
2285,Chair,Furniture,10,2023,14,54.31,54,55,8
2286,Chair,Stationery,8,2023,464,68.82,219,41,11
2287,Laptop,Electronics,3,2023,28,171.84,76,46,14
2288,Shirt,Electronics,11,2023,102,24.57,36,78,11
2289,Cereal,Groceries,8,2023,60,34.56,170,69,4
2290,Laptop,Groceries,2,2023,38,21.13,174,54,11
2291,Shirt,Stationery,4,2023,286,74.98,129,39,12
2292,Shirt,Groceries,6,2023,162,152.56,133,63,4
2293,Cereal,Stationery,9,2023,71,64.96,275,70,13
2294,Notebook,Furniture,5,2023,116,198.52,6,57,20
2295,Laptop,Groceries,11,2023,106,39.83,250,77,8
2296,Cereal,Clothing,7,2023,255,180.86,196,62,12
2297,Cereal,Electronics,3,2023,107,32.07,252,97,14
2298,Chair,Furniture,12,2023,168,170.95,181,59,10
2299,Cereal,Stationery,9,2023,182,183.66,232,50,19
2300,Shirt,Electronics,2,2023,44,172.35,293,89,14
2301,Notebook,Groceries,11,2023,71,136.99,3,40,14
2302,Cereal,Furniture,1,2023,471,21.93,78,90,10
2303,Laptop,Stationery,11,2023,237,172.59,24,55,7
2304,Notebook,Groceries,11,2023,203,120.35,48,75,10
2305,Laptop,Stationery,6,2023,356,11.95,195,73,12
2306,Chair,Clothing,10,2023,313,68.16,216,57,14
2307,Cereal,Clothing,2,2023,244,80.24,193,87,12
2308,Notebook,Stationery,10,2023,463,163.78,296,97,18
2309,Cereal,Groceries,7,2023,85,164.57,212,32,10
2310,Chair,Clothing,12,2023,324,106.27,175,39,12
2311,Cereal,Electronics,7,2023,326,197.71,184,100,5
2312,Chair,Furniture,3,2023,353,54.87,155,85,20
2313,Laptop,Stationery,6,2023,95,143.8,291,37,15
2314,Chair,Stationery,1,2023,110,17.38,201,87,12
2315,Notebook,Groceries,5,2023,203,138.81,140,61,2
2316,Notebook,Electronics,10,2023,475,135.35,79,65,20
2317,Cereal,Stationery,8,2023,51,152.86,246,58,18
2318,Cereal,Electronics,5,2023,379,139.37,30,48,4
2319,Shirt,Furniture,3,2023,359,136.06,165,93,5
2320,Shirt,Furniture,4,2023,11,76.44,41,45,2
2321,Shirt,Furniture,4,2023,91,68.78,210,38,7
2322,Cereal,Groceries,4,2023,139,31.11,259,39,15
2323,Shirt,Furniture,6,2023,74,26.67,219,30,4
2324,Chair,Clothing,2,2023,135,166.09,80,66,5
2325,Laptop,Stationery,10,2023,72,170.89,18,95,7
2326,Chair,Groceries,11,2023,307,108.32,243,98,15
2327,Cereal,Groceries,9,2023,86,146.92,56,37,17
2328,Cereal,Clothing,4,2023,183,151.11,200,34,16
2329,Laptop,Clothing,2,2023,375,112.65,83,53,9
2330,Shirt,Electronics,4,2023,41,194.91,84,85,18
2331,Shirt,Clothing,5,2023,38,39.59,255,54,20
2332,Shirt,Electronics,3,2023,322,97.05,130,51,12
2333,Cereal,Clothing,9,2023,428,48.41,61,67,10
2334,Laptop,Clothing,4,2023,24,31.63,203,87,17
2335,Chair,Furniture,8,2023,130,26.62,66,79,7
2336,Chair,Clothing,4,2023,96,71.27,141,86,4
2337,Chair,Electronics,4,2023,176,76.03,200,93,16
2338,Laptop,Electronics,6,2023,220,140.06,29,100,16
2339,Chair,Groceries,5,2023,269,180.47,197,46,11
2340,Shirt,Clothing,9,2023,327,74.62,211,96,6
2341,Laptop,Furniture,2,2023,243,13.0,179,79,20
2342,Laptop,Stationery,4,2023,54,39.24,93,40,5
2343,Notebook,Furniture,9,2023,495,113.86,191,67,12
2344,Shirt,Stationery,4,2023,236,65.2,111,35,20
2345,Chair,Clothing,9,2023,14,18.56,276,43,18
2346,Cereal,Groceries,9,2023,480,185.65,191,51,13
2347,Chair,Clothing,3,2023,140,149.46,82,55,20
2348,Laptop,Furniture,9,2023,486,46.46,31,72,2
2349,Chair,Clothing,2,2023,16,129.83,140,71,10
2350,Cereal,Stationery,12,2023,493,71.89,72,67,19
2351,Cereal,Electronics,5,2023,277,138.56,256,76,16
2352,Laptop,Electronics,1,2023,67,142.39,134,95,13
2353,Cereal,Clothing,5,2023,481,128.45,155,96,2
2354,Shirt,Groceries,4,2023,34,65.4,226,56,11
2355,Chair,Electronics,3,2023,184,136.37,126,34,12
2356,Cereal,Groceries,4,2023,265,189.07,206,42,3
2357,Laptop,Electronics,10,2023,244,46.54,189,49,12
2358,Laptop,Clothing,7,2023,490,19.01,19,30,9
2359,Chair,Stationery,10,2023,163,148.56,8,92,5
2360,Notebook,Furniture,4,2023,410,116.5,246,33,8
2361,Laptop,Groceries,9,2023,258,38.89,110,33,12
2362,Chair,Furniture,5,2023,217,40.19,293,34,14
2363,Chair,Electronics,11,2023,69,116.91,110,65,8
2364,Cereal,Groceries,3,2023,433,98.54,264,47,12
2365,Shirt,Clothing,12,2023,98,107.16,48,95,15
2366,Laptop,Electronics,9,2023,349,192.02,179,36,16
2367,Shirt,Clothing,7,2023,27,113.7,252,69,2
2368,Notebook,Electronics,1,2023,147,66.71,63,30,13
2369,Cereal,Clothing,10,2023,441,98.74,229,85,6
2370,Chair,Electronics,7,2023,127,126.98,215,39,4
2371,Notebook,Groceries,1,2023,449,176.32,227,66,18
2372,Shirt,Clothing,9,2023,481,39.94,29,98,14
2373,Laptop,Electronics,6,2023,166,133.39,68,80,3
2374,Laptop,Electronics,1,2023,277,10.99,258,56,14
2375,Notebook,Groceries,7,2023,363,114.34,185,57,19
2376,Chair,Electronics,2,2023,310,72.63,241,95,8
2377,Laptop,Groceries,2,2023,323,113.33,175,97,6
2378,Laptop,Clothing,10,2023,68,105.96,56,79,10
2379,Chair,Furniture,1,2023,205,44.89,189,78,15
2380,Shirt,Stationery,7,2023,27,48.83,177,96,14
2381,Notebook,Clothing,9,2023,282,102.73,84,83,4
2382,Shirt,Stationery,4,2023,80,51.08,155,94,16
2383,Laptop,Groceries,12,2023,228,92.21,19,44,7
2384,Laptop,Stationery,3,2023,410,110.25,257,96,12
2385,Notebook,Groceries,2,2023,279,21.0,292,59,11
2386,Shirt,Furniture,12,2023,197,191.49,264,99,14
2387,Chair,Stationery,10,2023,433,146.93,300,66,19
2388,Notebook,Electronics,5,2023,297,156.33,191,53,13
2389,Shirt,Groceries,3,2023,294,131.61,254,97,8
2390,Shirt,Furniture,5,2023,18,140.15,181,90,9
2391,Cereal,Furniture,1,2023,288,25.1,14,61,6
2392,Cereal,Groceries,3,2023,451,187.15,44,35,3
2393,Cereal,Furniture,7,2023,41,148.69,266,48,20
2394,Chair,Clothing,6,2023,465,187.84,53,53,5
2395,Shirt,Clothing,5,2023,25,51.24,28,84,15
2396,Notebook,Groceries,8,2023,224,14.61,249,95,5
2397,Notebook,Electronics,3,2023,383,70.45,14,42,4
2398,Shirt,Groceries,4,2023,360,156.94,261,52,14
2399,Cereal,Furniture,3,2023,47,189.2,131,66,6
2400,Notebook,Stationery,1,2023,464,65.11,118,36,16
2401,Cereal,Electronics,7,2023,205,172.11,5,44,12
2402,Cereal,Groceries,3,2023,336,84.09,138,36,12
2403,Cereal,Clothing,11,2023,144,132.29,243,63,20
2404,Laptop,Electronics,11,2023,75,169.07,284,72,9
2405,Shirt,Groceries,5,2023,37,34.01,0,80,4
2406,Notebook,Clothing,10,2023,126,119.13,148,56,3
2407,Cereal,Clothing,6,2023,159,81.35,128,79,18
2408,Cereal,Groceries,2,2023,352,54.76,203,58,6
2409,Shirt,Clothing,4,2023,458,186.99,107,99,5
2410,Chair,Electronics,2,2023,300,147.87,171,97,18
2411,Cereal,Groceries,7,2023,92,133.74,157,66,20
2412,Laptop,Electronics,3,2023,428,142.57,149,55,16
2413,Cereal,Clothing,5,2023,323,159.6,39,92,8
2414,Cereal,Groceries,6,2023,71,46.95,205,40,7
2415,Chair,Electronics,2,2023,362,191.08,185,57,16
2416,Chair,Stationery,3,2023,36,193.97,277,35,12
2417,Laptop,Groceries,10,2023,424,179.95,120,34,11
2418,Laptop,Stationery,9,2023,258,118.7,163,100,7
2419,Notebook,Groceries,3,2023,324,84.06,20,62,6
2420,Cereal,Groceries,1,2023,460,194.06,260,67,15
2421,Notebook,Furniture,2,2023,234,114.48,269,88,20
2422,Laptop,Electronics,1,2023,349,34.68,256,61,18
2423,Notebook,Clothing,6,2023,240,146.14,108,30,3
2424,Laptop,Electronics,5,2023,231,31.96,100,57,5
2425,Shirt,Groceries,12,2023,284,23.8,89,74,2
2426,Notebook,Groceries,11,2023,125,94.35,222,98,19
2427,Notebook,Clothing,6,2023,214,22.99,213,51,12
2428,Shirt,Clothing,2,2023,337,19.64,8,94,7
2429,Cereal,Electronics,12,2023,136,67.54,174,82,5
2430,Shirt,Clothing,11,2023,184,199.07,93,69,14
2431,Notebook,Groceries,1,2023,221,145.16,226,34,4
2432,Cereal,Electronics,1,2023,307,154.68,103,48,14
2433,Laptop,Clothing,5,2023,328,108.22,200,79,8
2434,Notebook,Electronics,7,2023,169,169.81,243,80,15
2435,Laptop,Clothing,3,2023,500,36.26,46,44,8
2436,Notebook,Furniture,11,2023,266,110.83,75,45,14
2437,Chair,Stationery,2,2023,332,56.1,48,45,10
2438,Shirt,Groceries,12,2023,475,174.59,153,63,14
2439,Laptop,Electronics,8,2023,140,85.08,237,57,4
2440,Shirt,Electronics,4,2023,421,149.05,296,58,19
2441,Notebook,Groceries,5,2023,283,54.08,46,97,8
2442,Shirt,Stationery,11,2023,131,175.94,278,100,5
2443,Laptop,Furniture,12,2023,378,91.24,61,54,6
2444,Notebook,Groceries,10,2023,363,197.9,76,85,16
2445,Notebook,Stationery,4,2023,232,43.25,158,39,9
2446,Laptop,Furniture,8,2023,396,75.38,232,30,8
2447,Cereal,Stationery,3,2023,226,50.87,32,36,8
2448,Shirt,Furniture,2,2023,159,86.61,61,84,8
2449,Laptop,Stationery,6,2023,150,139.31,161,66,18
2450,Laptop,Stationery,9,2023,285,139.37,173,50,7
2451,Laptop,Groceries,9,2023,362,93.91,53,71,2
2452,Cereal,Clothing,1,2023,479,110.05,57,96,5
2453,Cereal,Clothing,3,2023,98,192.52,93,46,9
2454,Laptop,Groceries,3,2023,439,121.48,113,69,3
2455,Shirt,Furniture,5,2023,61,60.08,225,32,2
2456,Shirt,Furniture,1,2023,264,60.85,219,40,8
2457,Cereal,Furniture,3,2023,426,192.42,97,58,11
2458,Notebook,Groceries,2,2023,181,56.96,122,47,2
2459,Cereal,Clothing,9,2023,18,99.45,203,59,18
2460,Chair,Electronics,2,2023,462,144.11,12,69,10
2461,Laptop,Stationery,8,2023,139,156.58,71,73,9
2462,Chair,Clothing,9,2023,492,54.1,92,82,4
2463,Shirt,Furniture,10,2023,379,27.89,252,35,13
2464,Shirt,Clothing,10,2023,10,72.59,237,30,7
2465,Chair,Groceries,9,2023,25,85.12,289,96,12
2466,Laptop,Stationery,2,2023,429,136.67,28,82,6
2467,Cereal,Groceries,4,2023,456,93.08,107,35,14
2468,Notebook,Furniture,5,2023,389,182.79,172,74,11
2469,Notebook,Groceries,6,2023,89,24.61,177,100,10
2470,Shirt,Groceries,8,2023,118,139.55,36,78,17
2471,Cereal,Stationery,7,2023,343,116.77,147,36,15
2472,Laptop,Groceries,3,2023,365,88.29,248,61,19
2473,Cereal,Electronics,12,2023,315,99.07,2,98,10
2474,Cereal,Furniture,4,2023,312,96.6,84,69,14
2475,Laptop,Groceries,3,2023,177,131.54,83,75,3
2476,Notebook,Clothing,9,2023,447,103.54,159,84,15
2477,Notebook,Stationery,12,2023,112,37.99,9,76,13
2478,Laptop,Furniture,7,2023,100,177.53,274,60,17
2479,Shirt,Groceries,12,2023,410,38.38,110,43,9
2480,Laptop,Electronics,8,2023,221,73.91,209,42,13
2481,Cereal,Furniture,9,2023,115,169.71,244,63,16
2482,Chair,Electronics,7,2023,61,46.56,195,78,3
2483,Shirt,Groceries,6,2023,409,153.68,18,78,18
2484,Chair,Furniture,11,2023,305,127.67,230,39,20
2485,Notebook,Electronics,9,2023,94,100.99,290,80,6
2486,Chair,Groceries,2,2023,389,194.99,55,97,10
2487,Laptop,Stationery,6,2023,259,36.96,190,50,12
2488,Notebook,Stationery,11,2023,182,143.58,155,64,19
2489,Cereal,Clothing,11,2023,299,54.48,47,97,12
2490,Notebook,Clothing,2,2023,209,104.41,28,93,13
2491,Laptop,Groceries,1,2023,28,56.31,267,69,2
2492,Shirt,Electronics,9,2023,430,151.03,71,33,19
2493,Shirt,Furniture,11,2023,226,18.29,20,60,20
2494,Laptop,Furniture,8,2023,216,155.12,298,91,18
2495,Notebook,Furniture,5,2023,204,80.75,169,77,12
2496,Cereal,Stationery,11,2023,484,92.6,218,69,4
2497,Laptop,Clothing,9,2023,14,48.64,217,84,11
2498,Cereal,Clothing,3,2023,218,155.39,276,97,12
2499,Notebook,Electronics,3,2023,380,99.29,79,57,6
2500,Notebook,Clothing,9,2023,476,156.04,56,43,10
2501,Shirt,Groceries,12,2023,429,197.57,272,98,12
2502,Shirt,Furniture,11,2023,236,83.31,140,48,2
2503,Shirt,Stationery,2,2023,195,166.26,236,38,3
2504,Laptop,Clothing,7,2023,160,129.09,253,47,19
2505,Laptop,Groceries,7,2023,50,40.7,173,56,5
2506,Notebook,Clothing,7,2023,321,153.65,257,68,11
2507,Shirt,Groceries,2,2023,315,124.06,239,79,14
2508,Shirt,Stationery,12,2023,33,184.88,46,51,3
2509,Notebook,Electronics,12,2023,17,11.79,176,37,14
2510,Cereal,Electronics,6,2023,388,71.86,15,89,13
2511,Cereal,Furniture,11,2023,331,81.23,3,52,8
2512,Shirt,Electronics,2,2023,180,136.2,79,89,3
2513,Shirt,Furniture,5,2023,53,86.24,4,88,4
2514,Notebook,Groceries,9,2023,30,82.22,247,91,15
2515,Notebook,Stationery,9,2023,456,189.89,152,40,19
2516,Notebook,Clothing,3,2023,466,192.82,209,35,8
2517,Laptop,Furniture,1,2023,416,76.68,98,80,20
2518,Chair,Furniture,10,2023,14,112.91,15,36,17
2519,Shirt,Electronics,9,2023,284,129.95,81,45,13
2520,Cereal,Groceries,2,2023,416,192.73,197,88,20
2521,Chair,Electronics,11,2023,24,97.39,168,88,4
2522,Laptop,Groceries,7,2023,284,128.2,82,40,4
2523,Cereal,Clothing,11,2023,43,80.33,222,46,6
2524,Notebook,Clothing,4,2023,84,21.89,275,58,15
2525,Notebook,Electronics,12,2023,69,114.1,146,78,20
2526,Cereal,Electronics,7,2023,414,197.67,262,38,15
2527,Shirt,Electronics,3,2023,75,147.84,28,67,16
2528,Shirt,Electronics,11,2023,390,166.71,241,99,6
2529,Shirt,Clothing,2,2023,219,184.3,15,53,7
2530,Notebook,Stationery,1,2023,495,148.45,277,44,11
2531,Chair,Clothing,10,2023,80,194.11,63,81,13
2532,Cereal,Groceries,4,2023,232,29.18,192,31,9
2533,Notebook,Stationery,2,2023,309,25.8,91,54,13
2534,Shirt,Clothing,11,2023,100,178.39,174,81,7
2535,Notebook,Groceries,5,2023,238,107.93,94,98,14
2536,Cereal,Electronics,9,2023,165,105.01,179,75,11
2537,Notebook,Furniture,5,2023,12,99.08,122,89,3
2538,Chair,Furniture,4,2023,251,47.27,263,43,4
2539,Chair,Clothing,10,2023,452,64.64,287,91,18
2540,Chair,Clothing,10,2023,80,109.44,268,59,13
2541,Chair,Furniture,11,2023,460,88.62,38,49,2
2542,Shirt,Clothing,5,2023,455,10.76,151,71,6
2543,Cereal,Clothing,5,2023,351,29.4,180,73,12
2544,Notebook,Stationery,11,2023,370,74.62,204,53,6
2545,Notebook,Groceries,1,2023,440,19.84,119,88,14
2546,Shirt,Clothing,1,2023,113,88.39,66,66,3
2547,Chair,Electronics,5,2023,20,190.4,77,61,9
2548,Notebook,Groceries,5,2023,79,97.72,167,98,13
2549,Laptop,Electronics,2,2023,454,119.03,258,32,7
2550,Shirt,Groceries,4,2023,349,119.72,167,57,18
2551,Shirt,Electronics,4,2023,222,46.7,39,76,18
2552,Chair,Electronics,12,2023,403,101.5,204,48,4
2553,Laptop,Stationery,1,2023,427,81.58,122,86,5
2554,Chair,Electronics,1,2023,389,85.04,247,50,9
2555,Shirt,Furniture,4,2023,454,156.91,288,78,3
2556,Laptop,Groceries,2,2023,376,180.15,214,68,11
2557,Chair,Clothing,6,2023,116,186.65,164,40,12
2558,Cereal,Clothing,1,2023,314,152.91,117,53,18
2559,Chair,Electronics,9,2023,41,90.63,56,54,11
2560,Laptop,Clothing,5,2023,406,10.29,120,93,18
2561,Chair,Clothing,1,2023,296,147.1,80,72,11
2562,Notebook,Furniture,8,2023,69,86.03,171,56,8
2563,Cereal,Groceries,4,2023,203,146.92,101,52,4
2564,Chair,Stationery,12,2023,313,20.17,262,56,11
2565,Cereal,Electronics,10,2023,248,185.51,218,81,11
2566,Notebook,Furniture,2,2023,229,154.62,248,44,17
2567,Notebook,Furniture,1,2023,237,67.27,189,51,19
2568,Notebook,Groceries,10,2023,71,96.64,97,72,18
2569,Cereal,Groceries,5,2023,362,65.84,152,75,9
2570,Laptop,Electronics,5,2023,494,111.09,228,99,12
2571,Chair,Clothing,8,2023,451,136.86,147,74,14
2572,Cereal,Electronics,5,2023,278,75.71,106,88,2
2573,Chair,Stationery,2,2023,149,169.03,10,82,4
2574,Cereal,Furniture,7,2023,23,101.52,37,82,11
2575,Chair,Groceries,7,2023,304,28.15,125,40,5
2576,Chair,Groceries,1,2023,466,12.97,160,41,14
2577,Shirt,Electronics,8,2023,220,182.93,64,79,6
2578,Chair,Stationery,10,2023,421,190.24,93,98,13
2579,Shirt,Groceries,12,2023,292,94.85,177,37,9
2580,Notebook,Electronics,11,2023,91,160.92,48,78,14
2581,Notebook,Furniture,10,2023,420,13.4,211,91,20
2582,Notebook,Electronics,3,2023,98,49.26,209,92,4
2583,Chair,Clothing,1,2023,98,66.98,8,89,11
2584,Shirt,Electronics,12,2023,155,149.34,300,63,4
2585,Shirt,Clothing,8,2023,400,117.06,298,91,20
2586,Laptop,Clothing,5,2023,285,27.12,230,100,18
2587,Cereal,Electronics,6,2023,58,52.35,122,41,11
2588,Shirt,Stationery,9,2023,457,186.17,30,40,13
2589,Laptop,Electronics,2,2023,131,184.17,0,33,7
2590,Cereal,Furniture,4,2023,150,69.58,55,40,10
2591,Notebook,Furniture,8,2023,124,176.66,189,88,6
2592,Chair,Electronics,9,2023,383,34.58,239,89,9
2593,Notebook,Stationery,2,2023,341,115.82,282,97,11
2594,Notebook,Stationery,2,2023,453,182.04,159,78,13
2595,Chair,Furniture,8,2023,362,147.86,131,44,13
2596,Cereal,Clothing,9,2023,425,135.97,58,35,12
2597,Cereal,Stationery,11,2023,124,31.49,234,72,17
2598,Notebook,Stationery,7,2023,372,58.39,243,60,2
2599,Chair,Stationery,6,2023,283,131.06,79,100,9
2600,Shirt,Electronics,9,2023,271,157.61,294,72,2
2601,Notebook,Electronics,2,2023,468,10.04,23,31,20
2602,Shirt,Stationery,8,2023,246,93.37,187,68,18
2603,Cereal,Stationery,10,2023,401,190.43,64,75,14
2604,Laptop,Stationery,12,2023,329,77.6,247,59,7
2605,Laptop,Groceries,12,2023,490,170.97,290,61,17
2606,Notebook,Stationery,11,2023,97,11.95,161,94,15
2607,Laptop,Clothing,6,2023,376,99.31,227,99,16
2608,Cereal,Groceries,2,2023,184,175.98,157,84,7
2609,Chair,Groceries,2,2023,165,141.33,145,59,6
2610,Chair,Groceries,3,2023,436,128.38,154,62,18
2611,Laptop,Clothing,10,2023,251,70.04,0,61,16
2612,Laptop,Clothing,7,2023,188,100.83,64,97,5
2613,Shirt,Stationery,10,2023,500,138.1,162,93,9
2614,Chair,Groceries,7,2023,221,81.75,94,51,11
2615,Laptop,Clothing,3,2023,207,121.99,77,75,5
2616,Laptop,Clothing,11,2023,144,113.89,19,87,13
2617,Cereal,Furniture,6,2023,20,40.95,300,94,17
2618,Chair,Groceries,5,2023,414,179.77,257,83,19
2619,Chair,Electronics,3,2023,80,82.98,250,62,11
2620,Shirt,Electronics,11,2023,336,127.65,157,90,16
2621,Notebook,Clothing,5,2023,99,189.59,118,78,19
2622,Laptop,Clothing,6,2023,105,113.85,57,97,9
2623,Notebook,Furniture,7,2023,123,92.99,129,31,8
2624,Laptop,Groceries,3,2023,93,91.71,202,83,8
2625,Chair,Electronics,6,2023,116,42.0,253,36,2
2626,Cereal,Groceries,2,2023,479,108.55,250,65,5
2627,Cereal,Groceries,5,2023,282,183.94,225,31,12
2628,Laptop,Furniture,12,2023,146,129.88,66,93,4
2629,Shirt,Electronics,9,2023,147,61.47,200,84,4
2630,Laptop,Electronics,5,2023,438,21.1,182,33,17
2631,Notebook,Electronics,9,2023,230,165.91,158,33,4
2632,Cereal,Electronics,7,2023,424,164.46,119,36,12
2633,Laptop,Stationery,9,2023,222,199.63,116,64,2
2634,Shirt,Groceries,2,2023,273,184.63,38,84,7
2635,Cereal,Electronics,5,2023,254,95.61,213,39,20
2636,Cereal,Electronics,1,2023,461,85.11,125,49,14
2637,Cereal,Clothing,12,2023,420,199.21,119,76,3
2638,Notebook,Clothing,6,2023,202,18.44,276,41,6
2639,Cereal,Electronics,10,2023,45,73.18,131,97,6
2640,Cereal,Furniture,1,2023,461,99.59,281,76,15
2641,Notebook,Clothing,12,2023,72,32.53,51,34,5
2642,Cereal,Stationery,11,2023,110,117.02,15,41,19
2643,Notebook,Groceries,1,2023,238,156.28,11,32,8
2644,Shirt,Electronics,9,2023,83,15.69,147,67,10
2645,Laptop,Stationery,10,2023,239,34.06,184,93,9
2646,Shirt,Furniture,9,2023,65,58.74,187,82,7
2647,Cereal,Clothing,6,2023,353,199.38,105,46,20
2648,Shirt,Stationery,2,2023,384,29.2,213,41,5
2649,Laptop,Groceries,10,2023,184,138.55,105,62,16
2650,Shirt,Stationery,9,2023,161,125.47,42,95,12
2651,Shirt,Electronics,12,2023,352,79.62,166,62,19
2652,Shirt,Groceries,10,2023,85,188.19,15,87,8
2653,Chair,Electronics,12,2023,20,130.35,100,33,14
2654,Shirt,Groceries,7,2023,398,89.93,197,74,14
2655,Cereal,Clothing,5,2023,55,145.47,288,73,18
2656,Shirt,Groceries,10,2023,293,55.82,218,98,15
2657,Notebook,Clothing,2,2023,427,190.58,29,34,16
2658,Cereal,Clothing,5,2023,113,18.25,62,70,16
2659,Chair,Groceries,11,2023,346,157.3,139,80,18
2660,Chair,Clothing,8,2023,446,106.57,293,99,13
2661,Cereal,Stationery,2,2023,41,154.0,164,89,6
2662,Cereal,Furniture,5,2023,476,143.88,63,47,19
2663,Notebook,Furniture,1,2023,17,33.0,71,32,17
2664,Shirt,Electronics,7,2023,317,132.9,113,100,11
2665,Cereal,Clothing,11,2023,313,20.23,174,45,19
2666,Laptop,Furniture,2,2023,337,84.4,66,53,15
2667,Cereal,Stationery,2,2023,246,80.85,185,49,13
2668,Laptop,Groceries,10,2023,317,173.89,186,79,12
2669,Notebook,Clothing,11,2023,434,49.08,175,100,5
2670,Cereal,Electronics,7,2023,17,158.29,47,39,9
2671,Shirt,Stationery,5,2023,27,95.04,137,49,4
2672,Laptop,Groceries,2,2023,434,61.1,296,62,4
2673,Laptop,Furniture,11,2023,432,49.69,238,64,5
2674,Notebook,Groceries,10,2023,259,81.98,203,90,3
2675,Cereal,Stationery,8,2023,24,178.87,242,58,16
2676,Chair,Stationery,10,2023,273,147.62,28,96,20
2677,Cereal,Stationery,7,2023,120,136.73,210,58,7
2678,Chair,Groceries,1,2023,115,10.44,293,89,10
2679,Notebook,Furniture,7,2023,281,174.95,87,59,4
2680,Chair,Electronics,8,2023,413,27.99,117,61,14
2681,Laptop,Groceries,9,2023,180,15.24,277,49,8
2682,Laptop,Electronics,5,2023,312,164.2,242,67,5
2683,Notebook,Electronics,10,2023,188,183.39,20,59,2
2684,Shirt,Clothing,9,2023,193,34.51,144,100,10
2685,Notebook,Clothing,1,2023,181,78.64,227,33,10
2686,Notebook,Groceries,9,2023,414,163.59,40,79,14
2687,Notebook,Electronics,1,2023,437,153.75,217,50,14
2688,Cereal,Groceries,9,2023,174,134.04,21,96,6
2689,Shirt,Groceries,10,2023,454,66.21,144,49,10
2690,Laptop,Electronics,7,2023,94,63.24,281,39,20
2691,Cereal,Stationery,5,2023,145,187.39,229,87,5
2692,Chair,Clothing,7,2023,163,198.79,197,37,14
2693,Cereal,Electronics,11,2023,393,49.97,7,66,12
2694,Laptop,Groceries,9,2023,276,66.46,192,72,4
2695,Chair,Electronics,7,2023,207,159.22,118,98,18
2696,Chair,Electronics,11,2023,498,139.74,168,36,16
2697,Chair,Furniture,4,2023,133,108.33,190,47,5
2698,Laptop,Groceries,7,2023,200,196.22,239,63,5
2699,Laptop,Groceries,6,2023,303,79.05,154,56,8
2700,Chair,Groceries,5,2023,121,34.65,156,49,13
2701,Laptop,Electronics,3,2023,476,139.77,174,58,16
2702,Notebook,Groceries,9,2023,214,160.64,223,64,6
2703,Notebook,Groceries,3,2023,217,105.16,25,73,6
2704,Cereal,Clothing,1,2023,35,40.63,174,52,9
2705,Cereal,Furniture,2,2023,49,132.93,209,80,13
2706,Shirt,Groceries,12,2023,461,82.32,54,40,9
2707,Chair,Clothing,11,2023,94,119.77,234,81,20
2708,Cereal,Stationery,8,2023,462,137.89,184,72,12
2709,Cereal,Clothing,2,2023,84,168.42,20,84,17
2710,Laptop,Stationery,10,2023,304,100.43,212,42,15
2711,Cereal,Electronics,6,2023,261,71.52,19,41,7
2712,Shirt,Furniture,8,2023,343,93.95,158,33,14
2713,Notebook,Stationery,10,2023,207,99.71,110,67,14
2714,Notebook,Electronics,11,2023,315,189.78,147,65,4
2715,Notebook,Clothing,2,2023,379,70.45,89,64,8
2716,Laptop,Furniture,6,2023,128,176.44,144,86,9
2717,Notebook,Furniture,4,2023,464,143.88,159,47,11
2718,Chair,Furniture,6,2023,435,196.0,196,100,5
2719,Laptop,Electronics,1,2023,263,20.86,160,59,19
2720,Notebook,Stationery,6,2023,116,86.41,216,43,12
2721,Cereal,Stationery,9,2023,440,173.57,296,86,8
2722,Laptop,Groceries,8,2023,70,142.36,212,78,2
2723,Notebook,Groceries,5,2023,383,40.9,285,81,4
2724,Laptop,Furniture,1,2023,338,187.1,240,72,9
2725,Laptop,Groceries,10,2023,193,136.93,156,91,15
2726,Chair,Clothing,12,2023,448,30.48,20,41,13
2727,Laptop,Stationery,11,2023,296,163.63,20,61,6
2728,Shirt,Stationery,8,2023,104,174.37,294,37,4
2729,Shirt,Groceries,10,2023,224,22.53,33,38,5
2730,Cereal,Clothing,3,2023,44,86.24,62,82,11
2731,Cereal,Electronics,1,2023,171,196.68,117,50,19
2732,Laptop,Furniture,4,2023,324,131.92,227,76,4
2733,Cereal,Furniture,1,2023,311,160.41,40,76,15
2734,Laptop,Groceries,6,2023,126,79.98,251,55,15
2735,Shirt,Electronics,2,2023,300,118.1,123,76,8
2736,Cereal,Electronics,3,2023,343,139.74,39,41,12
2737,Cereal,Furniture,3,2023,441,50.19,225,57,6
2738,Laptop,Furniture,12,2023,124,192.82,121,55,9
2739,Chair,Groceries,6,2023,409,188.23,245,89,8
2740,Notebook,Stationery,3,2023,415,143.06,41,83,4
2741,Shirt,Groceries,1,2023,66,101.74,229,73,16
2742,Chair,Furniture,6,2023,163,101.28,19,74,3
2743,Notebook,Groceries,4,2023,324,100.95,118,93,4
2744,Notebook,Electronics,8,2023,99,76.83,53,93,2
2745,Laptop,Furniture,10,2023,366,87.63,18,60,8
2746,Chair,Groceries,7,2023,406,197.37,261,31,5
2747,Chair,Furniture,2,2023,11,14.84,250,69,6
2748,Chair,Electronics,2,2023,284,138.46,124,99,11
2749,Shirt,Stationery,2,2023,165,27.87,120,59,7
2750,Cereal,Groceries,4,2023,367,32.56,142,78,12
2751,Notebook,Furniture,9,2023,252,143.46,146,41,2
2752,Notebook,Stationery,12,2023,89,131.15,166,46,14
2753,Notebook,Stationery,9,2023,224,48.23,195,51,10
2754,Chair,Clothing,7,2023,108,143.86,44,88,13
2755,Chair,Stationery,1,2023,482,173.83,1,31,14
2756,Laptop,Stationery,8,2023,204,150.63,162,60,3
2757,Chair,Clothing,11,2023,294,76.46,65,97,13
2758,Laptop,Clothing,4,2023,285,102.38,277,54,18
2759,Shirt,Groceries,6,2023,23,43.65,203,86,2
2760,Chair,Clothing,12,2023,214,60.73,299,79,16
2761,Shirt,Stationery,4,2023,299,47.89,42,46,18
2762,Shirt,Furniture,4,2023,47,76.71,275,65,2
2763,Notebook,Electronics,11,2023,288,171.66,60,65,11
2764,Laptop,Clothing,11,2023,29,147.38,55,94,8
2765,Laptop,Clothing,2,2023,313,182.37,228,50,20
2766,Chair,Stationery,10,2023,202,139.55,212,90,3
2767,Shirt,Stationery,4,2023,370,21.73,154,36,4
2768,Chair,Stationery,11,2023,97,94.43,121,82,14
2769,Chair,Groceries,2,2023,377,33.92,143,73,7
2770,Notebook,Clothing,3,2023,413,113.91,33,33,8
2771,Shirt,Clothing,1,2023,486,167.94,255,71,10
2772,Cereal,Electronics,11,2023,467,47.17,232,45,14
2773,Cereal,Furniture,2,2023,63,158.24,170,45,9
2774,Laptop,Stationery,11,2023,390,31.26,282,86,12
2775,Cereal,Furniture,1,2023,471,77.09,86,43,12
2776,Chair,Electronics,12,2023,261,33.2,73,33,6
2777,Shirt,Clothing,2,2023,465,171.55,47,52,4
2778,Cereal,Furniture,9,2023,298,78.99,186,55,4
2779,Laptop,Electronics,8,2023,404,19.81,213,85,13
2780,Chair,Stationery,5,2023,263,178.31,46,80,7
2781,Shirt,Electronics,6,2023,120,103.55,231,81,7
2782,Chair,Groceries,6,2023,355,83.2,212,97,20
2783,Cereal,Clothing,9,2023,203,195.96,15,37,6
2784,Laptop,Groceries,10,2023,113,171.24,154,52,4
2785,Chair,Clothing,3,2023,452,124.05,132,32,20
2786,Chair,Electronics,7,2023,173,28.05,55,59,7
2787,Chair,Electronics,4,2023,238,162.82,160,70,9
2788,Cereal,Clothing,6,2023,161,167.81,72,74,16
2789,Shirt,Stationery,7,2023,463,84.62,253,53,10
2790,Notebook,Clothing,12,2023,292,45.52,98,44,8
2791,Chair,Groceries,5,2023,200,196.11,245,82,19
2792,Cereal,Groceries,1,2023,43,57.48,38,96,20
2793,Shirt,Furniture,1,2023,334,117.56,22,57,20
2794,Cereal,Furniture,12,2023,279,60.74,59,57,12
2795,Chair,Stationery,11,2023,184,136.88,198,33,17
2796,Cereal,Groceries,7,2023,338,71.98,90,54,12
2797,Chair,Electronics,3,2023,26,178.47,56,49,16
2798,Cereal,Groceries,6,2023,130,79.22,192,98,15
2799,Shirt,Stationery,10,2023,444,22.2,53,93,15
2800,Laptop,Clothing,2,2023,220,32.82,69,98,3
2801,Notebook,Stationery,7,2023,106,190.63,102,98,17
2802,Laptop,Electronics,3,2023,409,190.01,157,87,20
2803,Chair,Electronics,3,2023,220,103.16,161,92,20
2804,Laptop,Groceries,9,2023,333,147.84,239,65,14
2805,Shirt,Groceries,1,2023,160,149.49,166,67,4
2806,Chair,Clothing,10,2023,60,116.91,194,45,15
2807,Shirt,Furniture,8,2023,12,40.25,75,85,4
2808,Chair,Clothing,11,2023,249,176.17,228,81,11
2809,Notebook,Stationery,3,2023,111,165.34,276,96,11
2810,Notebook,Furniture,1,2023,76,188.71,50,47,15
2811,Shirt,Clothing,5,2023,128,69.03,17,78,20
2812,Shirt,Furniture,5,2023,159,174.55,96,60,5
2813,Shirt,Electronics,12,2023,215,26.51,166,64,20
2814,Laptop,Stationery,10,2023,175,19.36,287,82,15
2815,Notebook,Groceries,3,2023,92,160.5,91,57,3
2816,Laptop,Clothing,10,2023,252,107.27,193,72,10
2817,Cereal,Groceries,7,2023,263,24.72,81,30,19
2818,Shirt,Clothing,11,2023,101,73.71,224,42,10
2819,Shirt,Clothing,10,2023,306,26.07,216,74,10
2820,Cereal,Furniture,5,2023,73,129.52,17,65,3
2821,Shirt,Electronics,10,2023,404,61.89,209,63,6
2822,Laptop,Groceries,7,2023,372,148.19,115,33,14
2823,Chair,Clothing,3,2023,287,168.61,185,49,7
2824,Chair,Groceries,1,2023,196,76.33,80,36,5
2825,Laptop,Furniture,12,2023,253,119.95,40,67,18
2826,Laptop,Stationery,6,2023,218,96.74,128,46,3
2827,Shirt,Groceries,2,2023,105,92.9,129,53,4
2828,Cereal,Stationery,3,2023,49,131.35,148,67,20
2829,Shirt,Electronics,8,2023,300,157.82,127,39,4
2830,Chair,Clothing,3,2023,327,34.05,187,95,8
2831,Laptop,Electronics,11,2023,116,144.04,150,88,20
2832,Chair,Groceries,6,2023,47,111.9,127,98,12
2833,Chair,Electronics,6,2023,301,75.84,128,92,7
2834,Laptop,Clothing,6,2023,485,22.44,221,57,20
2835,Laptop,Groceries,2,2023,156,146.83,264,80,19
2836,Chair,Clothing,9,2023,404,52.6,116,49,12
2837,Laptop,Electronics,8,2023,177,16.01,80,76,19
2838,Notebook,Stationery,7,2023,195,138.08,232,83,10
2839,Cereal,Groceries,9,2023,400,76.5,176,39,13
2840,Chair,Groceries,5,2023,216,89.14,122,52,4
2841,Chair,Furniture,6,2023,377,95.34,144,74,2
2842,Cereal,Clothing,11,2023,85,146.41,248,41,18
2843,Laptop,Stationery,9,2023,126,199.79,90,97,19
2844,Chair,Clothing,1,2023,449,58.5,41,39,5
2845,Shirt,Clothing,7,2023,39,63.39,261,34,18
2846,Cereal,Electronics,10,2023,137,57.56,136,93,2
2847,Notebook,Clothing,5,2023,325,119.25,284,84,19
2848,Shirt,Stationery,10,2023,151,107.6,249,40,13
2849,Notebook,Groceries,9,2023,112,43.86,126,68,15
2850,Shirt,Groceries,5,2023,223,78.35,11,54,19
2851,Notebook,Stationery,3,2023,374,187.6,202,98,10
2852,Shirt,Stationery,1,2023,11,197.08,119,81,6
2853,Shirt,Stationery,2,2023,346,119.98,296,33,19
2854,Cereal,Stationery,5,2023,301,31.11,112,75,11
2855,Laptop,Clothing,10,2023,31,176.62,230,80,7
2856,Notebook,Groceries,1,2023,247,186.04,158,65,13
2857,Notebook,Clothing,2,2023,387,19.61,183,57,11
2858,Chair,Electronics,9,2023,82,59.44,236,83,18
2859,Cereal,Stationery,10,2023,170,30.23,82,40,19
2860,Notebook,Stationery,9,2023,470,85.87,212,88,6
2861,Chair,Furniture,7,2023,242,40.99,75,34,20
2862,Notebook,Groceries,12,2023,172,108.72,195,84,3
2863,Chair,Stationery,4,2023,198,94.49,236,84,15
2864,Cereal,Clothing,12,2023,46,148.19,38,39,3
2865,Laptop,Stationery,9,2023,256,69.8,171,89,12
2866,Chair,Stationery,7,2023,466,82.58,7,79,14
2867,Laptop,Groceries,8,2023,88,35.32,241,96,15
2868,Notebook,Electronics,4,2023,332,109.48,205,56,3
2869,Cereal,Electronics,3,2023,279,128.3,237,91,12
2870,Chair,Electronics,1,2023,197,94.01,278,50,19
2871,Notebook,Clothing,11,2023,245,10.35,29,99,11
2872,Chair,Furniture,8,2023,263,105.94,181,69,19
2873,Shirt,Electronics,9,2023,469,49.75,168,68,2
2874,Chair,Groceries,8,2023,256,110.82,204,39,18
2875,Chair,Stationery,11,2023,140,18.42,148,89,6
2876,Chair,Stationery,10,2023,363,95.65,222,58,19
2877,Laptop,Electronics,9,2023,199,182.69,49,77,2
2878,Chair,Clothing,11,2023,287,94.0,149,80,16
2879,Notebook,Furniture,7,2023,18,70.92,223,32,4
2880,Notebook,Groceries,12,2023,187,142.58,47,64,14
2881,Laptop,Stationery,8,2023,83,60.7,242,92,12
2882,Laptop,Groceries,7,2023,204,132.89,80,71,3
2883,Cereal,Groceries,10,2023,393,95.57,280,86,9
2884,Laptop,Stationery,8,2023,44,13.27,286,35,7
2885,Chair,Groceries,4,2023,447,150.06,281,52,14
2886,Chair,Groceries,4,2023,18,64.14,59,33,19
2887,Cereal,Furniture,6,2023,176,134.0,234,72,20
2888,Laptop,Clothing,2,2023,194,139.38,248,60,13
2889,Notebook,Clothing,5,2023,11,142.41,115,48,12
2890,Chair,Stationery,1,2023,266,170.56,106,39,13
2891,Notebook,Furniture,5,2023,71,11.81,163,79,9
2892,Shirt,Stationery,3,2023,285,33.82,208,30,16
2893,Chair,Groceries,1,2023,400,144.79,174,48,11
2894,Chair,Clothing,8,2023,90,73.15,68,56,11
2895,Notebook,Clothing,6,2023,160,175.44,158,78,18
2896,Notebook,Electronics,11,2023,10,51.8,176,62,15
2897,Shirt,Electronics,11,2023,152,72.12,271,30,2
2898,Chair,Stationery,1,2023,298,126.58,185,60,5
2899,Shirt,Stationery,9,2023,342,27.09,55,42,13
2900,Chair,Clothing,8,2023,172,97.17,114,39,6
2901,Laptop,Electronics,3,2023,478,134.08,212,36,9
2902,Laptop,Clothing,12,2023,23,67.27,246,67,16
2903,Laptop,Stationery,6,2023,293,25.9,102,64,7
2904,Shirt,Furniture,4,2023,213,125.78,184,33,8
2905,Cereal,Stationery,8,2023,396,49.74,6,45,14
2906,Notebook,Clothing,2,2023,313,184.23,291,35,2
2907,Shirt,Stationery,5,2023,456,67.2,262,60,15
2908,Chair,Clothing,7,2023,149,38.27,274,33,18
2909,Laptop,Electronics,4,2023,82,185.63,119,73,13
2910,Chair,Clothing,4,2023,17,11.25,38,56,12
2911,Shirt,Clothing,7,2023,386,47.24,203,63,13
2912,Cereal,Groceries,12,2023,234,120.82,88,60,16
2913,Shirt,Stationery,1,2023,56,106.78,283,65,15
2914,Laptop,Groceries,6,2023,309,120.96,285,55,17
2915,Cereal,Electronics,8,2023,468,148.5,220,49,15
2916,Notebook,Stationery,6,2023,162,186.91,207,74,14
2917,Notebook,Clothing,12,2023,491,91.24,272,72,6
2918,Shirt,Clothing,5,2023,106,171.33,275,93,15
2919,Chair,Groceries,5,2023,318,104.86,252,41,18
2920,Shirt,Electronics,12,2023,363,71.75,171,49,18
2921,Cereal,Electronics,11,2023,448,89.59,187,35,13
2922,Shirt,Stationery,10,2023,348,177.5,271,51,9
2923,Cereal,Groceries,4,2023,111,94.56,177,98,5
2924,Shirt,Stationery,8,2023,159,95.49,143,92,18
2925,Notebook,Furniture,4,2023,397,184.08,282,57,13
2926,Shirt,Stationery,7,2023,122,97.76,206,59,7
2927,Cereal,Furniture,8,2023,483,24.25,2,99,11
2928,Laptop,Furniture,11,2023,391,178.42,258,82,6
2929,Laptop,Stationery,2,2023,244,77.41,265,89,18
2930,Laptop,Stationery,8,2023,350,19.14,56,81,2
2931,Laptop,Furniture,1,2023,112,166.09,86,48,9
2932,Notebook,Clothing,8,2023,25,90.4,175,94,9
2933,Notebook,Groceries,3,2023,342,52.88,149,68,6
2934,Notebook,Stationery,8,2023,427,69.01,50,74,15
2935,Shirt,Clothing,9,2023,246,21.05,213,96,13
2936,Laptop,Electronics,11,2023,91,146.63,208,78,2
2937,Cereal,Electronics,8,2023,470,94.47,211,38,6
2938,Cereal,Electronics,5,2023,465,71.77,114,74,19
2939,Laptop,Furniture,1,2023,19,146.84,195,53,10
2940,Chair,Stationery,9,2023,288,25.28,86,84,16
2941,Shirt,Clothing,2,2023,30,135.79,75,79,18
2942,Cereal,Groceries,2,2023,413,70.49,138,59,3
2943,Notebook,Electronics,8,2023,14,53.76,286,95,8
2944,Cereal,Electronics,12,2023,126,181.2,186,88,14
2945,Chair,Furniture,4,2023,255,10.75,270,96,13
2946,Laptop,Furniture,2,2023,375,139.73,149,44,11
2947,Cereal,Stationery,8,2023,154,168.27,181,52,10
2948,Cereal,Clothing,10,2023,438,102.7,150,71,18
2949,Cereal,Groceries,10,2023,479,60.54,114,52,9
2950,Cereal,Stationery,5,2023,417,36.58,38,43,20
2951,Cereal,Furniture,10,2023,292,160.34,243,90,17
2952,Cereal,Groceries,1,2023,290,61.75,16,97,8
2953,Chair,Groceries,9,2023,144,133.09,208,48,3
2954,Laptop,Clothing,4,2023,150,182.79,170,87,12
2955,Chair,Furniture,8,2023,488,173.49,258,56,8
2956,Laptop,Stationery,2,2023,404,108.49,74,61,17
2957,Laptop,Furniture,3,2023,66,62.97,299,57,5
2958,Notebook,Clothing,11,2023,354,199.39,162,94,17
2959,Chair,Clothing,12,2023,372,13.01,62,77,7
2960,Cereal,Electronics,5,2023,178,147.31,112,65,5
2961,Laptop,Groceries,10,2023,89,172.32,44,43,15
2962,Laptop,Electronics,10,2023,274,125.73,72,33,12
2963,Cereal,Groceries,9,2023,470,69.62,10,43,3
2964,Chair,Furniture,6,2023,364,179.91,108,82,18
2965,Chair,Groceries,12,2023,402,116.87,280,60,3
2966,Chair,Electronics,3,2023,387,143.82,209,39,2
2967,Chair,Electronics,8,2023,459,159.36,87,87,19
2968,Laptop,Stationery,7,2023,139,181.37,161,87,2
2969,Chair,Furniture,11,2023,459,104.64,296,37,5
2970,Notebook,Groceries,12,2023,45,180.36,12,70,15
2971,Chair,Clothing,5,2023,317,80.23,17,70,3
2972,Notebook,Groceries,7,2023,332,96.89,125,96,11
2973,Shirt,Electronics,4,2023,234,37.85,253,49,14
2974,Notebook,Groceries,7,2023,313,26.13,178,83,10
2975,Notebook,Furniture,5,2023,490,131.7,69,42,13
2976,Cereal,Clothing,5,2023,108,160.16,266,83,17
2977,Chair,Clothing,5,2023,132,95.49,160,58,14
2978,Cereal,Clothing,11,2023,380,180.35,118,98,15
2979,Cereal,Stationery,10,2023,343,143.64,277,100,4
2980,Cereal,Stationery,10,2023,92,108.86,185,86,10
2981,Laptop,Groceries,6,2023,224,64.3,106,46,3
2982,Notebook,Electronics,9,2023,426,12.49,16,32,9
2983,Chair,Stationery,11,2023,390,96.5,153,63,19
2984,Cereal,Stationery,6,2023,366,107.71,92,49,7
2985,Laptop,Furniture,4,2023,448,168.82,244,86,8
2986,Shirt,Stationery,11,2023,455,53.84,73,44,17
2987,Laptop,Groceries,1,2023,39,174.49,84,96,15
2988,Shirt,Clothing,11,2023,228,70.13,259,92,7
2989,Notebook,Electronics,11,2023,295,41.91,214,98,10
2990,Notebook,Clothing,3,2023,192,19.17,35,62,5
2991,Chair,Clothing,7,2023,351,112.69,105,71,18
2992,Cereal,Stationery,12,2023,305,85.51,100,60,18
2993,Chair,Electronics,2,2023,74,71.93,224,77,9
2994,Chair,Electronics,6,2023,119,19.18,116,73,13
2995,Laptop,Electronics,12,2023,83,39.79,59,96,19
2996,Cereal,Furniture,8,2023,363,193.36,294,92,7
2997,Notebook,Electronics,4,2023,382,137.77,158,84,19
2998,Cereal,Furniture,1,2023,293,177.77,16,39,13
2999,Chair,Furniture,3,2023,113,10.35,16,36,3
3000,Chair,Electronics,4,2023,100,103.37,97,39,20
